StockCode,Description,Price
85123A,WHITE HANGING HEART T-LIGHT HOLDER,2.55
71053,WHITE METAL LANTERN,3.39
84029G,KNITTED UNION FLAG HOT WATER BOTTLE,3.39
84029E,RED WOOLLY HOTTIE WHITE HEART.,3.39
22752,SET 7 BABUSHKA NESTING BOXES,7.65
21730,GLASS STAR FROSTED T-LIGHT HOLDER,4.25
22633,HAND WARMER UNION JACK,1.85
22632,HAND WARMER RED POLKA DOT,1.85
22960,JAM MAKING SET WITH JARS,4.25
84879,ASSORTED COLOUR BIRD ORNAMENT,1.69
22745,POPPY'S PLAYHOUSE BEDROOM ,2.1
22748,POPPY'S PLAYHOUSE KITCHEN,2.1
22749,FELTCRAFT PRINCESS CHARLOTTE DOLL,3.75
22310,IVORY KNITTED MUG COSY ,1.65
84969,BOX OF 6 ASSORTED COLOUR TEASPOONS,4.25
22623,BOX OF VINTAGE JIGSAW BLOCKS ,4.95
22622,BOX OF VINTAGE ALPHABET BLOCKS,9.95
21754,HOME BUILDING BLOCK WORD,5.95
21755,LOVE BUILDING BLOCK WORD,5.95
48187,DOORMAT NEW ENGLAND,7.95
21756,BATH BUILDING BLOCK WORD,5.95
22728,ALARM CLOCK BAKELIKE PINK,3.75
22727,ALARM CLOCK BAKELIKE RED ,3.75
22726,ALARM CLOCK BAKELIKE GREEN,3.75
21724,PANDA AND BUNNIES STICKER SHEET,0.85
21883,STARS GIFT TAPE ,0.65
10002,INFLATABLE POLITICAL GLOBE ,0.85
21791,VINTAGE HEADS AND TAILS CARD GAME ,1.25
21035,SET/2 RED RETROSPOT TEA TOWELS ,2.95
22326,ROUND SNACK BOXES SET OF4 WOODLAND ,2.95
22629,SPACEBOY LUNCH BOX ,1.95
22659,LUNCH BOX I LOVE LONDON,1.95
22631,CIRCUS PARADE LUNCH BOX ,1.95
22661,CHARLOTTE BAG DOLLY GIRL DESIGN,0.85
21731,RED TOADSTOOL LED NIGHT LIGHT,1.65
22900, SET 2 TEA TOWELS I LOVE LONDON ,2.95
21913,VINTAGE SEASIDE JIGSAW PUZZLES,3.75
22540,MINI JIGSAW CIRCUS PARADE ,0.42
22544,MINI JIGSAW SPACEBOY,0.42
22492,MINI PAINT SET VINTAGE ,0.65
POST,POSTAGE,18.0
22086,PAPER CHAIN KIT 50'S CHRISTMAS ,2.55
20679,EDWARDIAN PARASOL RED,4.95
21871,SAVE THE PLANET MUG,1.06
21071,VINTAGE BILLBOARD DRINK ME MUG,1.06
21068,VINTAGE BILLBOARD LOVE/HATE MUG,1.06
82483,WOOD 2 DRAWER CABINET WHITE FINISH,4.95
82486,WOOD S/3 CABINET ANT WHITE FINISH,6.95
82482,WOODEN PICTURE FRAME WHITE FINISH,2.1
82494L,WOODEN FRAME ANTIQUE WHITE ,2.55
21258,VICTORIAN SEWING BOX LARGE,10.95
22114,HOT WATER BOTTLE TEA AND SYMPATHY,3.45
21733,RED HANGING HEART T-LIGHT HOLDER,2.55
22386,JUMBO BAG PINK POLKADOT,1.95
85099C,JUMBO  BAG BAROQUE BLACK WHITE,1.95
21033,JUMBO BAG CHARLIE AND LOLA TOYS,2.95
20723,STRAWBERRY CHARLOTTE BAG,0.85
84997B,RED 3 PIECE RETROSPOT CUTLERY SET,3.75
84997C,BLUE 3 PIECE POLKADOT CUTLERY SET,3.75
21094,SET/6 RED SPOTTY PAPER PLATES,0.85
20725,LUNCH BAG RED RETROSPOT,1.65
21559,STRAWBERRY LUNCH BOX WITH CUTLERY,2.55
22352,LUNCH BOX WITH CUTLERY RETROSPOT ,2.55
21212,PACK OF 72 RETROSPOT CAKE CASES,0.42
21975,PACK OF 60 DINOSAUR CAKE CASES,0.55
21977,PACK OF 60 PINK PAISLEY CAKE CASES,0.55
84991,60 TEATIME FAIRY CAKE CASES,0.55
85183B,CHARLIE & LOLA WASTEPAPER BIN FLORA,1.25
85071B,RED CHARLIE+LOLA PERSONAL DOORSIGN,0.38
21931,JUMBO STORAGE BAG SUKI,1.95
21929,JUMBO BAG PINK VINTAGE PAISLEY,1.95
22961,JAM MAKING SET PRINTED,1.45
22139,RETROSPOT TEA SET CERAMIC 11 PC ,4.25
22411,JUMBO SHOPPER VINTAGE RED PAISLEY,1.95
82567,"AIRLINE LOUNGE,METAL SIGN",2.1
21672,WHITE SPOT RED CERAMIC DRAWER KNOB,1.25
22774,RED DRAWER KNOB ACRYLIC EDWARDIAN,1.25
22771,CLEAR DRAWER KNOB ACRYLIC EDWARDIAN,1.25
22262,FELT EGG COSY CHICKEN,0.85
22637,PIGGY BANK RETROSPOT ,2.55
21169,YOU'RE CONFUSING ME METAL SIGN ,1.69
21166,COOK WITH WINE METAL SIGN ,1.95
21175,GIN + TONIC DIET METAL SIGN,2.1
22083,PAPER CHAIN KIT RETROSPOT,2.95
84971S,SMALL HEART FLOWERS HOOK ,0.85
84832,ZINC WILLIE WINKIE  CANDLE STICK,0.85
22644,CERAMIC CHERRY CAKE MONEY BANK,1.45
21533,RETROSPOT LARGE MILK JUG,4.95
15056BL,EDWARDIAN PARASOL BLACK,5.95
15056N,EDWARDIAN PARASOL NATURAL,5.95
22176,BLUE OWL SOFT TOY,2.95
22438,BALLOON ART MAKE YOUR OWN FLOWERS,1.95
22778,GLASS CLOCHE SMALL,3.95
21523,DOORMAT FANCY FONT HOME SWEET HOME,6.75
21912,VINTAGE SNAKES & LADDERS,3.75
22379,RECYCLING BAG RETROSPOT ,2.1
22381,TOY TIDY PINK POLKADOT,1.85
22798,ANTIQUE GLASS DRESSING TABLE POT,2.95
22926,IVORY GIANT GARDEN THERMOMETER,5.95
22839,3 TIER CAKE TIN GREEN AND CREAM,14.95
22838,3 TIER CAKE TIN RED AND CREAM,14.95
22783,SET 3 WICKER OVAL BASKETS W LIDS,16.95
82484,WOOD BLACK BOARD ANT WHITE FINISH,6.45
84755,COLOUR GLASS T-LIGHT HOLDER HANGING,0.65
22464,HANGING METAL HEART LANTERN,1.65
21324,HANGING MEDINA LANTERN SMALL,2.95
22457,NATURAL SLATE HEART CHALKBOARD ,2.95
22469,HEART OF WICKER SMALL,1.45
22470,HEART OF WICKER LARGE,2.55
22224,WHITE LOVEBIRD LANTERN,2.95
21340,CLASSIC METAL BIRDCAGE PLANT HOLDER,12.75
22189,CREAM HEART CARD HOLDER,3.95
22427,ENAMEL FLOWER JUG CREAM,5.95
22428,ENAMEL FIRE BUCKET CREAM,6.95
22424,ENAMEL BREAD BIN CREAM,10.95
22663,JUMBO BAG DOLLY GIRL DESIGN,1.95
85049A,TRADITIONAL CHRISTMAS RIBBONS,1.25
22168,ORGANISER WOOD ANTIQUE WHITE ,8.5
22662,LUNCH BAG DOLLY GIRL DESIGN,1.65
84880,WHITE WIRE EGG HOLDER,4.95
85099B,JUMBO BAG RED RETROSPOT,1.65
79321,CHILLI LIGHTS,3.82
22779,WOODEN OWLS LIGHT GARLAND ,3.37
22466,FAIRY TALE COTTAGE NIGHTLIGHT,1.45
21363,HOME SMALL WOOD LETTERS,4.95
21411,GINGHAM HEART  DOORSTOP RED,4.25
22318,FIVE HEART HANGING DECORATION,2.95
22915,ASSORTED BOTTLE TOP  MAGNETS ,0.42
22922,FRIDGE MAGNETS US DINER ASSORTED,0.85
22969,HOMEMADE JAM SCENTED CANDLES,1.45
22923,FRIDGE MAGNETS LES ENFANTS ASSORTED,0.85
21115,ROSE CARAVAN DOORSTOP,6.75
22941,CHRISTMAS LIGHTS 10 REINDEER,8.5
21622,VINTAGE UNION JACK CUSHION COVER,4.95
35004C,SET OF 3 COLOURED  FLYING DUCKS,5.45
85014B,RED RETROSPOT UMBRELLA,5.95
85014A,BLACK/BLUE POLKADOT UMBRELLA,5.95
22193,RED DINER WALL CLOCK,8.5
22192,BLUE DINER WALL CLOCK,8.5
22191,IVORY DINER WALL CLOCK,8.5
22195,LARGE HEART MEASURING SPOONS,1.65
22196,SMALL HEART MEASURING SPOONS,0.85
22962,JAM JAR WITH PINK LID,0.72
22963,JAM JAR WITH GREEN LID,0.72
22968,ROSE COTTAGE KEEPSAKE BOX ,8.5
84970S,HANGING HEART ZINC T-LIGHT HOLDER,0.64
22910,PAPER CHAIN KIT VINTAGE CHRISTMAS,2.55
20668,DISCO BALL CHRISTMAS DECORATION,0.1
22197,SMALL POPCORN HOLDER,0.72
22198,LARGE POPCORN HOLDER ,1.45
21080,SET/20 RED RETROSPOT PAPER NAPKINS ,0.64
21086,SET/6 RED SPOTTY PAPER CUPS,0.65
21786,POLKADOT RAIN HAT ,0.32
22654,DELUXE SEWING KIT ,4.95
21485,RETROSPOT HEART HOT WATER BOTTLE,4.25
84030E,ENGLISH ROSE HOT WATER BOTTLE,3.75
22174,PHOTO CUBE,1.48
22150,3 STRIPEY MICE FELTCRAFT,1.95
22619,SET OF 6 SOLDIER SKITTLES,3.75
21891,TRADITIONAL WOODEN SKIPPING ROPE,1.25
21889,WOODEN BOX OF DOMINOES,1.25
22827,RUSTIC  SEVENTEEN DRAWER SIDEBOARD,165.0
22127,PARTY CONES CARNIVAL ASSORTED,1.25
22128,PARTY CONES CANDY ASSORTED,1.25
22502,PICNIC BASKET WICKER SMALL,5.95
22338,STAR DECORATION PAINTED ZINC ,0.65
22180,RETROSPOT LAMP,9.95
21506,"FANCY FONT BIRTHDAY CARD, ",0.42
22866,HAND WARMER SCOTTY DOG DESIGN,1.85
22865,HAND WARMER OWL DESIGN,1.85
22349,DOG BOWL CHASING BALL DESIGN,3.75
22558,CLOTHES PEGS RETROSPOT PACK 24 ,1.25
85152,HAND OVER THE CHOCOLATE   SIGN ,2.1
22652,TRAVEL SEWING KIT,1.65
22188,BLACK HEART CARD HOLDER,3.95
21484,CHICK GREY HOT WATER BOTTLE,3.45
21314,SMALL GLASS HEART TRINKET POT,2.1
22730,ALARM CLOCK BAKELIKE IVORY,3.75
22729,ALARM CLOCK BAKELIKE ORANGE,3.75
22867,HAND WARMER BIRD DESIGN,2.1
35004B,SET OF 3 BLACK FLYING DUCKS,4.65
22803,IVORY EMBROIDERED QUILT ,35.75
21980,PACK OF 12 RED RETROSPOT TISSUES ,0.29
21844,RED RETROSPOT MUG,2.95
22468,BABUSHKA LIGHTS STRING OF 10,6.75
48185,DOORMAT FAIRY CAKE,7.95
21232,STRAWBERRY CERAMIC TRINKET BOX,1.25
22064,PINK DOUGHNUT TRINKET POT ,1.65
22449,SILK PURSE BABUSHKA PINK,3.35
22835,HOT WATER BOTTLE I AM SO POORLY,4.65
22112,CHOCOLATE HOT WATER BOTTLE,4.95
21479,WHITE SKULL HOT WATER BOTTLE ,3.75
22111,SCOTTIE DOG HOT WATER BOTTLE,4.95
22110,BIRD HOUSE HOT WATER BOTTLE,2.55
22098,BOUDOIR SQUARE TISSUE BOX,1.25
22766,PHOTO FRAME CORNICE,2.95
22451,SILK PURSE BABUSHKA RED,3.35
22549,PICTURE DOMINOES,1.45
85049E,SCANDINAVIAN REDS RIBBONS,1.25
21328,BALLOONS  WRITING SET ,1.65
84509A,SET OF 4 ENGLISH ROSE PLACEMATS,3.75
84510A,SET OF 4 ENGLISH ROSE COASTERS,1.25
22767,TRIPLE PHOTO FRAME CORNICE ,9.95
22768,FAMILY PHOTO FRAME CORNICE,9.95
21463,MIRRORED DISCO BALL ,5.95
21464,DISCO BALL ROTATOR BATTERY OPERATED,4.25
85150,LADIES & GENTLEMEN METAL SIGN,2.55
22117,METAL SIGN HER DINNER IS SERVED ,2.95
48129,DOORMAT TOPIARY,7.95
82580,BATHROOM METAL SIGN,0.55
82578,KITCHEN METAL SIGN,0.55
82581,TOILET METAL SIGN,0.55
22413,METAL SIGN TAKE IT OR LEAVE IT ,2.95
21907,I'M ON HOLIDAY METAL SIGN,2.1
22441,GROW YOUR OWN BASIL IN ENAMEL MUG,2.1
21122,SET/10 PINK POLKADOT PARTY CANDLES,1.25
22851,SET 20 NAPKINS FAIRY CAKES DESIGN ,0.85
22810,SET OF 6 T-LIGHTS SNOWMEN,2.95
22809,SET OF 6 T-LIGHTS SANTA,2.95
22435,SET OF 9 HEART SHAPED BALLOONS,1.25
20966,SANDWICH BATH SPONGE,1.25
20963,APPLE BATH SPONGE,1.25
20961,STRAWBERRY BATH SPONGE ,1.25
22068,BLACK PIRATE TREASURE CHEST,1.65
21592,RETROSPOT CIGAR BOX MATCHES ,1.25
21587,COSY HOUR GIANT TUBE MATCHES,2.55
20992,JAZZ HEARTS PURSE NOTEBOOK,0.85
22804,CANDLEHOLDER PINK HANGING HEART,2.95
20749,ASSORTED COLOUR MINI CASES,7.95
22382,LUNCH BAG SPACEBOY DESIGN ,1.65
20726,LUNCH BAG WOODLAND,1.65
22384,LUNCH BAG PINK POLKADOT,1.65
22467,GUMBALL COAT RACK,2.55
84625C,BLUE NEW BAROQUE CANDLESTICK CANDLE,2.95
84625A,PINK NEW BAROQUECANDLESTICK CANDLE,2.95
21108,FAIRY CAKE FLANNEL ASSORTED COLOUR,2.55
22848,BREAD BIN DINER STYLE PINK,16.95
22837,HOT WATER BOTTLE BABUSHKA ,4.25
22297,HEART IVORY TRELLIS SMALL,1.25
22772,PINK DRAWER KNOB ACRYLIC EDWARDIAN,1.25
22773,GREEN DRAWER KNOB ACRYLIC EDWARDIAN,1.25
22805,BLUE DRAWER KNOB ACRYLIC EDWARDIAN,1.25
21126,SET OF 6 GIRLS CELEBRATION CANDLES,1.25
85049C,ROMANTIC PINKS RIBBONS ,1.25
85049D,BRIGHT BLUES RIBBONS ,1.25
85049G,CHOCOLATE BOX RIBBONS ,1.25
84380,SET OF 3 BUTTERFLY COOKIE CUTTERS,1.25
84378,SET OF 3 HEART COOKIE CUTTERS,1.25
22964,3 PIECE SPACEBOY COOKIE CUTTER SET,2.1
21213,PACK OF 72 SKULL CAKE CASES,0.55
22417,PACK OF 60 SPACEBOY CAKE CASES,0.55
84992,72 SWEETHEART FAIRY CAKE CASES,0.55
22383,LUNCH BAG SUKI  DESIGN ,1.65
20728,LUNCH BAG CARS BLUE,1.65
20727,LUNCH BAG  BLACK SKULL.,1.65
22296,HEART IVORY TRELLIS LARGE,1.65
20914,SET/5 RED RETROSPOT LID GLASS BOWLS,2.55
22537,MAGIC DRAWING SLATE DINOSAUR,0.42
22533,MAGIC DRAWING SLATE BAKE A CAKE ,0.42
20982,12 PENCILS TALL TUBE SKULLS,0.85
21915,RED  HARMONICA IN BOX ,1.25
21914,BLUE HARMONICA IN BOX ,1.25
21544,SKULLS  WATER TRANSFER TATTOOS ,0.85
22813,PACK 3 BOXES BIRD PANNETONE ,1.95
84375,SET OF 20 KIDS COOKIE CUTTERS,2.1
22418,10 COLOUR SPACEBOY PEN,0.85
22178,VICTORIAN GLASS HANGING T-LIGHT,1.25
84970L,SINGLE HEART ZINC T-LIGHT HOLDER,0.95
22465,HANGING METAL STAR LANTERN,1.65
84949,SILVER HANGING T-LIGHT HOLDER,1.65
20685,DOORMAT RED RETROSPOT,7.95
48194,DOORMAT HEARTS,7.95
22488,NATURAL SLATE RECTANGLE CHALKBOARD,1.65
22219,LOVEBIRD HANGING DECORATION WHITE ,0.85
22610,PENS ASSORTED FUNNY FACE,0.85
22716,CARD CIRCUS PARADE,0.42
22706,WRAP COWBOYS  ,0.42
22371,AIRLINE BAG VINTAGE TOKYO 78,4.25
21210,SET OF 72 RETROSPOT PAPER  DOILIES,1.45
22553,PLASTERS IN TIN SKULLS,1.65
16237,SLEEPING CAT ERASERS,0.21
22714,CARD BIRTHDAY COWBOY,0.42
22812,PACK 3 BOXES CHRISTMAS PANNETONE,1.95
84347,ROTATING SILVER ANGELS T-LIGHT HLDR,2.55
22736,RIBBON REEL MAKING SNOWMEN ,1.65
22620,4 TRADITIONAL SPINNING TOPS,1.25
21705,BAG 500g SWIRLY MARBLES,1.65
22785,SQUARECUSHION COVER PINK UNION FLAG,6.75
22975,SPACEBOY CHILDRENS EGG CUP,1.25
22972,CHILDREN'S SPACEBOY MUG,1.65
22568,FELTCRAFT CUSHION OWL,3.75
85116,BLACK CANDELABRA T-LIGHT HOLDER,2.1
22664,TOY TIDY DOLLY GIRL DESIGN,2.1
21609,SET 12 LAVENDER  BOTANICAL T-LIGHTS,2.95
21955,DOORMAT UNION JACK GUNS AND ROSES,7.95
22109,FULL ENGLISH BREAKFAST PLATE,3.75
22531,MAGIC DRAWING SLATE CIRCUS PARADE  ,0.42
21811,CHRISTMAS HANGING HEART WITH BELL,1.25
22183,CAKE STAND VICTORIAN FILIGREE MED,6.75
21678,PAISLEY PATTERN  STICKERS,0.85
21676,FLOWERS  STICKERS,0.85
22075,6 RIBBONS ELEGANT CHRISTMAS ,1.65
21326,AGED GLASS SILVER T-LIGHT HOLDER,0.65
21065,BOOM BOX SPEAKER GIRLS,5.95
20713,JUMBO BAG OWLS,1.95
21116,OWL DOORSTOP,4.95
21824,PAINTED METAL STAR WITH HOLLY BELLS,1.45
21823,PAINTED METAL HEART WITH HOLLY BELL,1.45
22153,ANGEL DECORATION STARS ON DRESS,0.42
85099F,JUMBO BAG STRAWBERRY,1.95
20717,STRAWBERRY SHOPPER BAG,1.25
22328,ROUND SNACK BOXES SET OF 4 FRUITS ,2.95
22327,ROUND SNACK BOXES SET OF 4 SKULLS,2.95
22630,DOLLY GIRL LUNCH BOX,1.95
21245,GREEN POLKADOT PLATE ,1.69
21244,BLUE POLKADOT PLATE ,1.69
21242,RED RETROSPOT PLATE ,1.69
21243,PINK  POLKADOT PLATE ,1.69
22273,FELTCRAFT DOLL MOLLY,2.95
22940,FELTCRAFT CHRISTMAS FAIRY,4.25
22759,SET OF 3 NOTEBOOKS IN PARCEL,1.65
21880,RED RETROSPOT TAPE,0.65
21738,COSY SLIPPER SHOES SMALL  RED ,2.95
22077,6 RIBBONS RUSTIC CHARM,1.65
21448,12 DAISY PEGS IN WOOD BOX,1.65
22243,5 HOOK HANGER RED MAGIC TOADSTOOL,1.65
22141,CHRISTMAS CRAFT TREE TOP ANGEL,2.1
22144,CHRISTMAS CRAFT LITTLE FRIENDS,2.1
21739,COSY SLIPPER SHOES SMALL GREEN,2.95
22271,FELTCRAFT DOLL ROSIE,2.95
22274,FELTCRAFT DOLL EMILY,2.95
22751,FELTCRAFT PRINCESS OLIVIA DOLL,3.75
21034,REX CASH+CARRY JUMBO SHOPPER,0.95
22570,FELTCRAFT CUSHION RABBIT,3.75
22902,TOTE BAG I LOVE LONDON,2.1
21710,FOLDING UMBRELLA PINKWHITE POLKADOT,4.95
21711,FOLDING UMBRELLA WHITE/RED POLKADOT,4.95
22179,SET 10 LIGHTS NIGHT OWL,6.75
21706,FOLDING UMBRELLA RED/WHITE POLKADOT,4.95
85184C,S/4 VALENTINE DECOUPAGE HEART BOX,2.95
22988,SOLDIERS EGG CUP ,1.25
20750,RED RETROSPOT MINI CASES,7.95
22952,60 CAKE CASES VINTAGE CHRISTMAS,0.55
22738,RIBBON REEL SNOWY VILLAGE,1.65
22909,SET OF 20 VINTAGE CHRISTMAS NAPKINS,0.85
22186,RED STAR CARD HOLDER,2.95
22695,WICKER WREATH SMALL,1.45
22147,FELTCRAFT BUTTERFLY HEARTS,1.45
22130,PARTY CONE CHRISTMAS DECORATION ,0.85
22694,WICKER STAR ,2.1
21790,VINTAGE SNAP CARDS,0.85
22149,FELTCRAFT 6 FLOWER FRIENDS,2.1
22593,CHRISTMAS GINGHAM STAR,0.85
22595,CHRISTMAS GINGHAM HEART,0.85
21986,PACK OF 12 PINK POLKADOT TISSUES,0.29
22750,FELTCRAFT PRINCESS LOLA DOLL,3.75
22616,PACK OF 12 LONDON TISSUES ,0.29
22775,PURPLE DRAWERKNOB ACRYLIC EDWARDIAN,1.25
22899,CHILDREN'S APRON DOLLY GIRL ,2.1
22367,CHILDRENS APRON SPACEBOY DESIGN,1.95
22942,CHRISTMAS LIGHTS 10 SANTAS ,8.5
21976,PACK OF 60 MUSHROOM CAKE CASES,0.55
22951,60 CAKE CASES DOLLY GIRL DESIGN,0.55
22834,HAND WARMER BABUSHKA DESIGN,2.1
21916,SET 12 RETRO WHITE CHALK STICKS,0.42
22587,FELTCRAFT HAIRBAND RED AND BLUE,0.85
22565,FELTCRAFT HAIRBANDS PINK AND WHITE ,0.85
22472,TV DINNER TRAY DOLLY GIRL,4.95
22557,PLASTERS IN TIN VINTAGE PAISLEY ,1.65
22551,PLASTERS IN TIN SPACEBOY,1.65
22554,PLASTERS IN TIN WOODLAND ANIMALS,1.65
22534,MAGIC DRAWING SLATE SPACEBOY ,0.42
22529,MAGIC DRAWING SLATE GO TO THE FAIR ,0.42
22530,MAGIC DRAWING SLATE DOLLY GIRL ,0.42
84032B,CHARLIE + LOLA RED HOT WATER BOTTLE,2.95
22807,SET OF 6 T-LIGHTS TOADSTOOLS,2.95
21494,ROTATING LEAVES T-LIGHT HOLDER,1.25
22938,CUPCAKE LACE PAPER SET 6,1.95
21892,TRADITIONAL WOODEN CATCH CUP GAME ,1.25
21890,S/6 WOODEN SKITTLES IN COTTON BAG,2.95
21718,RED METAL BEACH SPADE ,1.25
21716,BOYS VINTAGE TIN SEASIDE BUCKET,2.55
21715,GIRLS VINTAGE TIN SEASIDE BUCKET,2.55
22113,GREY HEART HOT WATER BOTTLE,3.75
22358,KINGS CHOICE TEA CADDY ,2.95
22357,KINGS CHOICE BISCUIT TIN,4.25
22115,METAL SIGN EMPIRE TEA,2.95
21481,FAWN BLUE HOT WATER BOTTLE,2.95
22585,PACK OF 6 BIRDY GIFT TAGS,1.25
22645,CERAMIC HEART FAIRY CAKE MONEY BANK,1.45
22508,DOORSTOP RETROSPOT HEART,3.75
22511,RETROSPOT BABUSHKA DOORSTOP,3.75
22829,SWEETHEART WIRE WALL TIDY,9.95
21154,RED RETROSPOT OVEN GLOVE ,1.06
17021,NAMASTE SWAGAT INCENSE,0.24
22059,CERAMIC STRAWBERRY DESIGN MUG,1.25
22142,CHRISTMAS CRAFT WHITE FAIRY ,1.45
21591,COSY HOUR CIGAR BOX MATCHES ,1.25
22294,HEART FILIGREE DOVE  SMALL,1.25
21156,RETROSPOT CHILDRENS APRON,1.95
10133,COLOURING PENCILS BROWN TUBE,0.85
72800E,4 IVORY DINNER CANDLES SILVER FLOCK,2.55
84836,ZINC METAL HEART DECORATION,1.25
20774,GREEN FERN NOTEBOOK,1.65
20773,BLUE PAISLEY NOTEBOOK,1.65
16016,LARGE CHINESE STYLE SCISSOR,0.85
16014,SMALL CHINESE STYLE SCISSOR,0.42
21586,KINGS CHOICE GIANT TUBE MATCHES,2.55
22152,PLACE SETTING WHITE STAR,0.42
84754,S/15 SILVER GLASS BAUBLES IN BAG,1.25
22670,FRENCH WC SIGN BLUE METAL,1.25
22927,GREEN GIANT GARDEN THERMOMETER,5.95
22925,BLUE GIANT GARDEN THERMOMETER,5.95
21259,VICTORIAN SEWING BOX SMALL ,5.95
21257,VICTORIAN SEWING BOX MEDIUM,7.95
21121,SET/10 RED POLKADOT PARTY CANDLES,1.25
82552,WASHROOM METAL SIGN,1.45
90200B,BLACK SWEETHEART BRACELET,4.25
90200D,PINK SWEETHEART BRACELET,4.25
21260,FIRST AID TIN,3.25
22744,MAKE YOUR OWN MONSOON CARD KIT,2.95
21985,PACK OF 12 HEARTS DESIGN TISSUES ,0.29
22295,HEART FILIGREE DOVE LARGE,1.65
16258A,SWIRLY CIRCULAR RUBBERS IN BAG,0.42
21992,VINTAGE PAISLEY STATIONERY SET,2.95
21124,SET/10 BLUE POLKADOT PARTY CANDLES,1.25
22945,CHRISTMAS METAL TAGS ASSORTED ,0.85
10125,MINI FUNKY DESIGN TAPES,0.85
22573,STAR WOODEN CHRISTMAS DECORATION,0.85
22577,WOODEN HEART CHRISTMAS SCANDINAVIAN,0.85
22603,CHRISTMAS RETROSPOT TREE WOOD,0.85
22333,RETROSPOT PARTY BAG + STICKER SET,1.65
21584,RETROSPOT SMALL TUBE MATCHES,1.65
22731,3D CHRISTMAS STAMPS STICKERS ,1.25
22956,36 FOIL HEART CAKE CASES,2.1
22582,PACK OF 6 SWEETIE GIFT BOXES,2.55
85231B,CINAMMON SET OF 9 T-LIGHTS,0.85
85231G,ORANGE SCENTED SET/9 T-LIGHTS,0.85
22082,RIBBON REEL STRIPES DESIGN ,1.65
22500,SET OF 2 TINS JARDIN DE PROVENCE,4.95
22742,MAKE YOUR OWN PLAYTIME CARD KIT,2.95
21329,DINOSAURS  WRITING SET ,1.65
21327,SKULLS WRITING SET ,1.65
48173C,DOORMAT BLACK FLOCK ,7.95
72818,CHRISTMAS DECOUPAGE CANDLE,0.85
22312,OFFICE MUG WARMER POLKADOT,2.95
21137,BLACK RECORD COVER FRAME,3.39
22041,"RECORD FRAME 7"" SINGLE SIZE ",2.1
20979,36 PENCILS TUBE RED RETROSPOT,1.25
20977,36 PENCILS TUBE WOODLAND,1.25
22571,ROCKING HORSE RED CHRISTMAS ,0.72
22423,REGENCY CAKESTAND 3 TIER,10.95
21621,VINTAGE UNION JACK BUNTING,8.5
84558A,3D DOG PICTURE PLAYING CARDS,2.95
21577,SAVE THE PLANET COTTON TOTE BAG,2.25
22087,PAPER BUNTING WHITE LACE,2.95
22651,GENTLEMAN SHIRT REPAIR KIT ,0.85
22713,CARD I LOVE LONDON ,0.42
22376,AIRLINE BAG VINTAGE JET SET WHITE,4.25
22372,AIRLINE BAG VINTAGE WORLD CHAMPION ,4.25
70007,HI TEC ALPINE HAND WARMER,1.65
46000M,POLYESTER FILLER PAD 45x45cm,1.55
22712,CARD DOLLY GIRL ,0.42
22983,CARD BILLBOARD FONT,0.42
22024,RAINY LADIES BIRTHDAY CARD,0.42
22895,SET OF 2 TEA TOWELS APPLE AND PEARS,2.95
22784,LANTERN CREAM GAZEBO ,4.95
84947,ANTIQUE SILVER TEA GLASS ENGRAVED,1.06
22485,SET OF 2 WOODEN MARKET CRATES,12.75
21794,CLASSIC FRENCH STYLE BASKET NATURAL,6.75
22588,CARD HOLDER GINGHAM HEART,2.55
21292,SMALL STRIPES CHOCOLATE GIFT BAG ,0.85
22760,"TRAY, BREAKFAST IN BED",12.75
22151,PLACE SETTING WHITE HEART,0.42
22642,SET OF 4 NAPKIN CHARMS STARS   ,2.55
22099,CARAVAN SQUARE TISSUE BOX,1.25
22653,BUTTON BOX ,1.95
22754,SMALL RED BABUSHKA NOTEBOOK ,0.85
22919,HERB MARKER MINT,0.65
22917,HERB MARKER ROSEMARY,0.65
22920,HERB MARKER BASIL,0.65
22921,HERB MARKER CHIVES ,0.65
22918,HERB MARKER PARSLEY,0.65
22916,HERB MARKER THYME,0.65
22575,METAL MERRY CHRISTMAS WREATH,1.95
21804,WHITE CHRISTMAS GARLAND STARS TREES,3.75
21588,RETROSPOT GIANT TUBE MATCHES,2.55
22955,36 FOIL STAR CAKE CASES ,2.1
22583,PACK OF 6 HANDBAG GIFT BOXES,2.55
22241,GARLAND WOODEN HAPPY EASTER,1.25
22904,CALENDAR PAPER CUT DESIGN,2.95
22905,CALENDAR IN SEASON DESIGN,2.95
22092,BLUE PAISLEY TISSUE BOX,1.25
22096,PINK PAISLEY SQUARE TISSUE BOX ,1.25
21358,TOAST ITS - HAPPY BIRTHDAY,1.25
21123,SET/10 IVORY POLKADOT PARTY CANDLES,1.25
21930,JUMBO STORAGE BAG SKULLS,1.95
71406C,BLACK ORANGE SQUEEZER,0.42
20754,RETROSPOT RED WASHING UP GLOVES,2.1
21111,"SWISS ROLL TOWEL, CHOCOLATE  SPOTS",2.95
22501,PICNIC BASKET WICKER LARGE,9.95
22854,CREAM SWEETHEART EGG HOLDER,4.95
84997D,PINK 3 PIECE POLKADOT CUTLERY SET,3.75
47599A,PINK PARTY BAGS,2.1
20972,PINK CREAM FELT CRAFT TRINKET BOX ,1.25
21041,RED RETROSPOT OVEN GLOVE DOUBLE,2.95
22907,PACK OF 20 NAPKINS PANTRY DESIGN,0.85
22776,SWEETHEART CAKESTAND 3 TIER,9.95
21810,CHRISTMAS HANGING STAR WITH BELL,1.25
85035B,CHOCOLATE 3 WICK MORRIS BOX CANDLE,4.25
21098,CHRISTMAS TOILET ROLL,1.25
21192,WHITE BELL HONEYCOMB PAPER ,1.65
47504H,ENGLISH ROSE SPIRIT LEVEL ,1.95
21742,LARGE ROUND WICKER PLATTER ,5.95
22481,BLACK TEA TOWEL CLASSIC DESIGN,1.25
22943,CHRISTMAS LIGHTS 10 VINTAGE BAUBLES,4.95
22699,ROSES REGENCY TEACUP AND SAUCER ,2.95
22217,T-LIGHT HOLDER HANGING LACE,1.25
22227,HANGING HEART MIRROR DECORATION ,0.65
21106,CREAM SLICE FLANNEL CHOCOLATE SPOT ,2.95
21107,CREAM SLICE FLANNEL PINK SPOT ,2.95
22697,GREEN REGENCY TEACUP AND SAUCER,2.95
22548,HEADS AND TAILS SPORTING FUN,1.25
22429,ENAMEL MEASURING JUG CREAM,4.25
20974,12 PENCILS SMALL TUBE SKULL,0.65
20973,12 PENCIL SMALL TUBE WOODLAND,0.65
21135,VICTORIAN  METAL POSTCARD SPRING,1.69
22173,METAL 4 HOOK HANGER FRENCH CHATEAU,2.95
22626,BLACK KITCHEN SCALES,8.5
22625,RED KITCHEN SCALES,8.5
22624,IVORY KITCHEN SCALES,8.5
84945,MULTI COLOUR SILVER T-LIGHT HOLDER,0.85
20712,JUMBO BAG WOODLAND ANIMALS,1.95
22973,CHILDREN'S CIRCUS PARADE MUG,1.65
22815,CARD PSYCHEDELIC APPLES,0.42
22584,PACK OF 6 PANNETONE GIFT BOXES,2.55
22974,CHILDRENS DOLLY GIRL MUG,1.65
21452,TOADSTOOL MONEY BOX,2.95
22743,MAKE YOUR OWN FLOWERPOWER CARD KIT,2.95
22911,PAPER CHAIN KIT LONDON,2.95
22453,MEASURING TAPE BABUSHKA BLUE,2.95
22445,PENCIL CASE LIFE IS BEAUTIFUL,2.95
22607,WOODEN ROUNDERS GARDEN SET ,9.95
22635,CHILDS BREAKFAST SET DOLLY GIRL ,9.95
22634,CHILDS BREAKFAST SET SPACEBOY ,9.95
22222,CAKE PLATE LOVEBIRD WHITE,4.95
22947,WOODEN ADVENT CALENDAR RED,16.95
22187,GREEN CHRISTMAS TREE CARD HOLDER,4.25
72598,SET/12 TAPER CANDLES,0.85
22627,MINT KITCHEN SCALES,8.5
22487,WHITE WOOD GARDEN PLANT LADDER,9.95
22360,GLASS JAR ENGLISH CONFECTIONERY,2.95
22364,GLASS JAR DIGESTIVE BISCUITS,2.95
22120,WELCOME  WOODEN BLOCK LETTERS,9.95
21038,SET/4 MODERN VINTAGE COTTON NAPKINS,2.95
21625,VINTAGE UNION JACK APRON,6.95
22097,SWALLOW SQUARE TISSUE BOX,1.25
21179,NO JUNK MAIL METAL SIGN,1.25
22185,SLATE TILE NATURAL HANGING,1.65
21662,VINTAGE GLASS COFFEE CADDY,5.95
85104,SILVER GLASS T-LIGHT SET,2.95
21654,RIDGED GLASS FINGER BOWL,1.45
21658,GLASS  BEURRE DISH,3.95
21519,GIN & TONIC DIET GREETING CARD ,0.42
22819,"BIRTHDAY CARD, RETRO SPOT",0.42
22704,WRAP RED APPLES ,0.42
21498,RED RETROSPOT WRAP ,0.42
21497,FANCY FONTS BIRTHDAY WRAP,0.42
22194,BLACK DINER WALL CLOCK,8.5
84692,BOX OF 24 COCKTAIL PARASOLS,0.42
22444,GROW YOUR OWN PLANT IN A CAN ,1.06
22556,PLASTERS IN TIN CIRCUS PARADE ,1.65
22555,PLASTERS IN TIN STRONGMAN,1.65
22543,MINI JIGSAW BAKE A CAKE ,0.42
22539,MINI JIGSAW DOLLY GIRL,0.42
22561,WOODEN SCHOOL COLOURING SET,1.65
22489,PACK OF 12 TRADITIONAL CRAYONS,0.42
22814,CARD PARTY GAMES ,0.42
21520,BOOZE & WOMEN GREETING CARD ,0.42
21982,PACK OF 12 SUKI TISSUES ,0.29
21981,PACK OF 12 WOODLAND TISSUES ,0.29
21967,PACK OF 12 SKULL TISSUES,0.29
22615,PACK OF 12 CIRCUS PARADE TISSUES ,0.29
22614,PACK OF 12 SPACEBOY TISSUES,0.29
22095,LADS ONLY TISSUE BOX,1.25
22094,RED RETROSPOT TISSUE BOX,1.25
21984,PACK OF 12 PINK PAISLEY TISSUES ,0.29
22966,GINGERBREAD MAN COOKIE CUTTER,1.25
21874,GIN AND TONIC MUG,1.25
21873,IF YOU CAN'T STAND THE HEAT MUG,1.25
21870,I CAN ONLY PLEASE ONE PERSON MUG,1.25
84050,PINK HEART SHAPE EGG FRYING PAN,1.25
22315,200 RED + WHITE BENDY STRAWS,1.25
22667,RECIPE BOX RETROSPOT ,2.95
22666,RECIPE BOX PANTRY YELLOW DESIGN,2.95
22665,RECIPE BOX BLUE SKETCHBOOK DESIGN,2.95
22567,20 DOLLY PEGS RETROSPOT,1.25
82600,NO SINGING METAL SIGN,2.1
22842,BISCUIT TIN VINTAGE RED,6.75
22494,EMERGENCY FIRST AID TIN ,1.25
22740,POLKADOT PEN,0.85
22680,FRENCH BLUE METAL DOOR SIGN 5,1.25
22797,CHEST OF DRAWERS GINGHAM HEART ,16.95
21843,RED RETROSPOT CAKE STAND,10.95
22118,JOY WOODEN BLOCK LETTERS,4.95
22121,NOEL WOODEN BLOCK LETTERS ,5.95
22119,PEACE WOODEN BLOCK LETTERS,6.95
22311,OFFICE MUG WARMER BLACK+SILVER ,2.95
72817,SET OF 2 CHRISTMAS DECOUPAGE CANDLE,1.25
22277,COSMETIC BAG VINTAGE ROSE PAISLEY,2.1
21688,SILVER PLATE CANDLE BOWL SMALL,2.95
22800,ANTIQUE TALL SWIRLGLASS TRINKET POT,3.75
22801,ANTIQUE GLASS PEDESTAL BOWL,3.75
22781,GUMBALL MAGAZINE RACK,7.65
21466,RED FLOWER CROCHET FOOD COVER,3.75
21467,CHERRY CROCHET FOOD COVER,3.75
21471,STRAWBERRY RAFFIA FOOD COVER,3.75
21469,POLKA DOT RAFFIA FOOD COVER,3.75
21524,DOORMAT SPOTTY HOME SWEET HOME,7.95
22791,T-LIGHT GLASS FLUTED ANTIQUE,1.25
22088,PAPER BUNTING COLOURED LACE,2.95
84944,SET OF 6 KASHMIR FOLKART BAUBLES,4.25
22601,CHRISTMAS RETROSPOT ANGEL WOOD,0.85
22600,CHRISTMAS RETROSPOT STAR WOOD,0.85
22574,HEART WOODEN CHRISTMAS DECORATION,0.85
85199L,LARGE HANGING IVORY & RED WOOD BIRD,0.65
85199S,SMALL HANGING IVORY/RED WOOD BIRD,0.42
72741,GRAND CHOCOLATECANDLE,1.45
37495,FAIRY CAKE BIRTHDAY CANDLE SET,3.75
22171,3 HOOK PHOTO SHELF ANTIQUE WHITE,8.5
48184,DOORMAT ENGLISH ROSE ,7.95
48138,DOORMAT UNION FLAG,7.95
21429,RED GINGHAM ROSE JEWELLERY BOX,1.65
85071A,BLUE CHARLIE+LOLA PERSONAL DOORSIGN,2.95
85071C,"CHARLIE+LOLA""EXTREMELY BUSY"" SIGN",2.55
22355,CHARLOTTE BAG SUKI DESIGN,0.85
21579,LOLITA  DESIGN  COTTON TOTE BAG,2.25
21576,LETS GO SHOPPING COTTON TOTE BAG,2.25
22493,PAINT YOUR OWN CANVAS SET,1.65
21833,CAMOUFLAGE LED TORCH,1.69
21055,TOOL BOX SOFT TOY ,8.95
21056,DOCTOR'S BAG SOFT TOY,8.95
21928,JUMBO BAG SCANDINAVIAN PAISLEY,1.95
20711,JUMBO BAG TOYS ,1.95
22482,BLUE TEA TOWEL CLASSIC DESIGN,1.25
21917,SET 12 KIDS  WHITE CHALK STICKS,0.42
22599,CHRISTMAS MUSICAL ZINC STAR,0.85
22336,DOVE DECORATION PAINTED ZINC ,0.65
21922,UNION STRIPE WITH FRINGE  HAMMOCK,7.95
35961,FOLKART ZINC HEART CHRISTMAS DEC,0.85
21495,SKULLS AND CROSSBONES WRAP,0.42
46000R,POLYESTER FILLER PAD 45x30cm,1.45
46000S,POLYESTER FILLER PAD 40x40cm,1.45
84920,PINK FLOWER FABRIC PONY,3.75
22953,BIRTHDAY PARTY CORDON BARRIER TAPE,1.25
22471,TV DINNER TRAY AIR HOSTESS ,4.95
21935,SUKI  SHOULDER BAG,1.65
21670,BLUE SPOT CERAMIC DRAWER KNOB,1.25
22786,CUSHION COVER PINK UNION JACK,5.95
85064,CREAM SWEETHEART LETTER RACK,5.45
22212,FOUR HOOK  WHITE LOVEBIRDS,2.1
22678,FRENCH BLUE METAL DOOR SIGN 3,1.25
84685,BEACH HUT KEY CABINET,3.75
22755,SMALL PURPLE BABUSHKA NOTEBOOK ,0.85
22753,SMALL YELLOW BABUSHKA NOTEBOOK ,0.85
79066K,RETRO MOD TRAY,0.85
22794,SWEETHEART WIRE MAGAZINE RACK,7.95
22592,CARDHOLDER HOLLY WREATH METAL,3.75
84352,SILVER CHRISTMAS TREE BAUBLE STAND ,16.95
22795,SWEETHEART RECIPE BOOK STAND,6.75
22278,OVERNIGHT BAG VINTAGE ROSE PAISLEY,4.95
84884A,ANT WHITE WIRE HEART SPIRAL,3.95
51014C,"FEATHER PEN,COAL BLACK",0.85
51014L,"FEATHER PEN,LIGHT PINK",0.85
51014A,"FEATHER PEN,HOT PINK",0.85
22366,DOORMAT AIRMAIL ,6.75
22876,NUMBER TILE COTTAGE GARDEN 8,1.95
48111,DOORMAT 3 SMILEY CATS,6.75
22847,BREAD BIN DINER STYLE IVORY,14.95
22846,BREAD BIN DINER STYLE RED ,14.95
22400,MAGNETS PACK OF 4 HOME SWEET HOME,1.25
22399,MAGNETS PACK OF 4 CHILDHOOD MEMORY,1.25
21818,GLITTER CHRISTMAS HEART ,0.85
22976,CIRCUS PARADE CHILDRENS EGG CUP ,1.25
79302M,"ART LIGHTS,FUNK MONKEY",2.95
37446,MINI CAKE STAND WITH HANGING CAKES,1.45
37449,CERAMIC CAKE STAND + HANGING CAKES,9.95
21231,SWEETHEART CERAMIC TRINKET BOX,1.25
22313,OFFICE MUG WARMER PINK,2.95
22314,OFFICE MUG WARMER CHOC+BLUE,2.95
21181,PLEASE ONE PERSON METAL SIGN,2.1
21668,RED STRIPE CERAMIC DRAWER KNOB,1.25
21462,"NURSERY A,B,C PAINTED LETTERS",6.75
22496,SET OF 2 ROUND TINS DUTCH CHEESE,2.95
21191,LARGE WHITE HONEYCOMB PAPER BELL  ,2.1
22581,WOOD STOCKING CHRISTMAS SCANDISPOT,0.85
22639,SET OF 4 NAPKIN CHARMS HEARTS,2.55
22579,WOODEN TREE CHRISTMAS SCANDINAVIAN,0.85
22572,ROCKING HORSE GREEN CHRISTMAS ,0.85
21809,CHRISTMAS HANGING TREE WITH BELL,1.25
22638,SET OF 4 NAPKIN CHARMS CROWNS ,2.55
22576,SWALLOW WOODEN CHRISTMAS DECORATION,0.85
21817,GLITTER CHRISTMAS TREE,0.85
21813,GARLAND WITH STARS AND BELLS,4.95
21808,"CHRISTMAS GARLAND STARS,TREES",3.75
21014,SWISS CHALET TREE DECORATION ,0.85
22946,WOODEN ADVENT CALENDAR CREAM,16.95
M,Manual,1.25
22816,CARD MOTORBIKE SANTA,0.42
22818,CARD CHRISTMAS VILLAGE,0.42
22660,DOORMAT I LOVE LONDON,7.95
21781,MA CAMPAGNE CUTLERY BOX,14.95
85032D,YULETIDE IMAGES GIFT WRAP SET,2.1
22696,WICKER WREATH LARGE,1.95
84760S,SMALL HANGING GLASS+ZINC LANTERN,1.45
21352,EUCALYPTUS & PINECONE  WREATH,6.75
22065,CHRISTMAS PUDDING TRINKET POT ,1.45
85048,15CM CHRISTMAS GLASS BALL 20 LIGHTS,7.95
22589,CARDHOLDER GINGHAM STAR,2.55
22578,WOODEN STAR CHRISTMAS SCANDINAVIAN,0.85
22855,FINE WICKER HEART ,1.25
85174,S/4 CACTI CANDLES,4.25
85038,6 CHOCOLATE LOVE HEART T-LIGHTS,1.69
20971,PINK BLUE FELT CRAFT TRINKET BOX,1.06
21354,TOAST ITS - BEST MUM,1.05
22965,3 TRADITIONAL COOKIE CUTTERS  SET,2.1
21374,MIRRORED WALL ART SKULLS,3.75
84032A,CHARLIE+LOLA PINK HOT WATER BOTTLE,2.95
21509,COWBOYS AND INDIANS BIRTHDAY CARD ,0.42
22025,RING OF ROSES BIRTHDAY CARD,0.42
22725,ALARM CLOCK BAKELIKE CHOCOLATE,3.75
37448,CERAMIC CAKE DESIGN SPOTTED MUG,1.49
22421,LIPSTICK PEN FUSCHIA,0.42
17003,BROCADE RING PURSE ,0.21
84997A,GREEN 3 PIECE POLKADOT CUTLERY SET,3.75
21136,PAINTED METAL PEARS ASSORTED,1.69
71477,COLOUR GLASS. STAR T-LIGHT HOLDER,3.25
22030,SWALLOWS GREETING CARD,0.42
22135,LADLE LOVE HEART PINK,0.42
22378,WALL TIDY RETROSPOT ,2.1
21888,BINGO SET,3.75
21789,KIDS RAIN MAC PINK,0.85
21238,RED RETROSPOT CUP,0.85
72807C,SET/3 VANILLA SCENTED CANDLE IN BOX,4.25
22497,SET OF 2 TINS VINTAGE BATHROOM ,4.25
20978,36 PENCILS TUBE SKULLS,1.25
22081,RIBBON REEL FLORA + FAUNA ,1.65
21398,RED POLKADOT COFFEE  MUG,2.1
21643,ASSORTED TUTTI FRUTTI MIRROR,1.25
21620,SET OF 4 ROSE BOTANICAL CANDLES,3.75
22136,LOVE HEART SOCK HANGER,1.65
47591B,SCOTTIES CHILDRENS APRON,1.65
21877,HOME SWEET HOME MUG,1.25
22524,CHILDRENS GARDEN GLOVES BLUE,1.25
21704,BAG 250g SWIRLY MARBLES,0.85
21703,BAG 125g SWIRLY MARBLES,0.42
85035C,ROSE 3 WICK MORRIS BOX CANDLE,4.25
72803A,ROSE SCENT CANDLE JEWELLED DRAWER,4.25
20682,RED RETROSPOT CHILDRENS UMBRELLA,3.25
85034A,3 GARDENIA MORRIS BOXED CANDLES,4.25
21380,WOODEN HAPPY BIRTHDAY GARLAND,2.95
20755,BLUE PAISLEY POCKET BOOK,0.85
21422,PORCELAIN ROSE SMALL,0.85
22617,BAKING SET SPACEBOY DESIGN,4.25
22863,SOAP DISH BROCANTE,2.95
22792,FLUTED ANTIQUE CANDLE HOLDER,0.85
21364,PEACE SMALL WOOD LETTERS,6.75
21042,RED RETROSPOT APRON ,5.95
21172,PARTY METAL SIGN ,1.45
72760B,VINTAGE CREAM 3 BASKET CAKE STAND,9.95
22602,CHRISTMAS RETROSPOT HEART WOOD,0.85
22365,DOORMAT RESPECTABLE HOUSE,7.95
22507,MEMO BOARD RETROSPOT  DESIGN,4.95
85071D,CHARLIE+LOLA MY ROOM DOOR SIGN,2.55
22044,CHRISTMAS CARD STACK OF PRESENTS,0.42
21918,SET 12 KIDS COLOUR  CHALK STICKS,0.42
22029,SPACEBOY BIRTHDAY CARD,0.42
22037,ROBOT BIRTHDAY CARD,0.42
84077,WORLD WAR 2 GLIDERS ASSTD DESIGNS,0.29
22898,CHILDRENS APRON APPLES DESIGN,1.95
84792,ENCHANTED BIRD COATHANGER 5 HOOK,4.65
20975,12 PENCILS SMALL TUBE RED RETROSPOT,0.65
22440,BALLOON WATER BOMB PACK OF 35,0.42
22434,BALLOON PUMP WITH 10 BALLOONS,1.95
22564,ALPHABET STENCIL CRAFT,1.25
85175,CACTI T-LIGHT CANDLES,0.42
21058,PARTY INVITES WOODLAND,0.85
21719,LOVELY BONBON STICKER SHEET,0.85
84826,ASSTD DESIGN 3D PAPER STICKERS,0.85
21881,CUTE CATS TAPE,0.65
10135,COLOURING PENCILS BROWN TUBE,1.25
22422,TOOTHPASTE TUBE PEN,0.65
22536,MAGIC DRAWING SLATE PURDEY,0.42
22491,PACK OF 12 COLOURED PENCILS,0.85
21355,TOAST ITS - I LOVE YOU ,1.25
21518,BANK ACCOUNT  GREETING  CARD ,0.42
22023,EMPIRE BIRTHDAY CARD,0.42
22027,TEA PARTY BIRTHDAY CARD,0.42
22718,CARD CAT AND TREE ,0.42
22717,CARD DOG AND BALL ,0.42
22028,PENNY FARTHING BIRTHDAY CARD,0.42
21669,BLUE STRIPE CERAMIC DRAWER KNOB,1.25
21671,RED SPOT CERAMIC DRAWER KNOB,1.25
21673,WHITE SPOT BLUE CERAMIC DRAWER KNOB,1.25
22245,"HOOK, 1 HANGER ,MAGIC GARDEN",0.85
22460,EMBOSSED GLASS TEALIGHT HOLDER,1.25
22432,WATERING CAN PINK BUNNY,1.95
22433,WATERING CAN GREEN DINOSAUR,1.95
22431,WATERING CAN BLUE ELEPHANT,1.95
84674,FLYING PIG WATERING CAN,2.95
21069,VINTAGE BILLBOARD TEA MUG,1.25
21070,VINTAGE BILLBOARD MUG ,1.25
22419,LIPSTICK PEN RED,0.42
22676,FRENCH BLUE METAL DOOR SIGN 1,1.25
22928,YELLOW GIANT GARDEN THERMOMETER,5.95
22777,GLASS BELL JAR LARGE,8.5
22477,WATERING CAN GARDEN MARKER,1.25
21875,KINGS CHOICE MUG,1.25
22924,FRIDGE MAGNETS LA VIE EN ROSE,0.85
21217,RED RETROSPOT ROUND CAKE TINS,9.95
22301,COFFEE MUG CAT + BIRD DESIGN,2.55
22446,PIN CUSHION BABUSHKA PINK,3.35
22832,BROCANTE SHELF WITH HOOKS,10.75
20674,GREEN POLKADOT BOWL,1.25
20676,RED RETROSPOT BOWL,1.25
82582,AREA PATROLLED METAL SIGN,2.1
22170,PICTURE FRAME WOOD TRIPLE PORTRAIT,6.75
21679,SKULLS  STICKERS,0.85
21428,SET3 BOOK BOX GREEN GINGHAM FLOWER ,4.25
21868,POTTING SHED TEA MUG,1.25
22840,ROUND CAKE TIN VINTAGE RED,7.95
79191C,RETRO PLASTIC ELEPHANT TRAY,0.85
20733,GOLD MINI TAPE MEASURE ,0.85
22796,PHOTO FRAME 3 CLASSIC HANGING,9.95
22733,3D TRADITIONAL CHRISTMAS STICKERS,1.25
22560,TRADITIONAL MODELLING CLAY,1.25
22559,SEASIDE FLYING DISC,1.25
22896,PEG BAG APPLES DESIGN,2.55
20967,GREY FLORAL FELTCRAFT SHOULDER BAG,3.75
21430,SET/3 RED GINGHAM ROSE STORAGE BOX,3.75
21313,GLASS HEART T-LIGHT HOLDER ,0.85
47566B,TEA TIME PARTY BUNTING,4.65
22499,WOODEN UNION JACK BUNTING,5.95
22090,PAPER BUNTING RETROSPOT,2.95
22071,SMALL WHITE RETROSPOT MUG IN BOX ,3.75
22070,SMALL RED RETROSPOT MUG IN BOX ,3.75
21216,"SET 3 RETROSPOT TEA,COFFEE,SUGAR",4.95
20983,12 PENCILS TALL TUBE RED RETROSPOT,0.85
21537,RED RETROSPOT PUDDING BOWL,4.25
21527,RED RETROSPOT TRADITIONAL TEAPOT ,7.95
22131,FOOD CONTAINER SET 3 LOVE HEART ,1.95
21163,DO NOT TOUCH MY STUFF DOOR HANGER ,1.45
21158,MOODY GIRL DOOR HANGER ,1.45
21159,MOODY BOY  DOOR HANGER ,1.45
21390,FILIGRIS HEART WITH BUTTERFLY,1.25
22335,HEART DECORATION PAINTED ZINC ,0.65
22285,"DECORATION HEN ON NEST, HANGING",1.65
22284,HEN HOUSE DECORATION,1.65
21381,MINI WOODEN HAPPY BIRTHDAY GARLAND,1.69
47590B,PINK HAPPY BIRTHDAY BUNTING,5.45
47590A,BLUE HAPPY BIRTHDAY BUNTING,5.45
22210,WOOD STAMP SET BEST WISHES,1.65
22209,WOOD STAMP SET HAPPY BIRTHDAY,1.65
22208,WOOD STAMP SET THANK YOU,1.65
21872,GLAMOROUS  MUG,1.25
22822,CREAM WALL PLANTER HEART SHAPED,5.95
22385,JUMBO BAG SPACEBOY DESIGN,1.95
22374,AIRLINE BAG VINTAGE JET SET RED,4.25
22375,AIRLINE BAG VINTAGE JET SET BROWN,4.25
85061W,WHITE JEWELLED HEART DECORATION,0.85
21385,IVORY HANGING DECORATION  HEART,0.85
21803,CHRISTMAS TREE STAR DECORATION,0.42
21801,CHRISTMAS TREE DECORATION WITH BELL,0.42
40016,CHINESE DRAGON PAPER LANTERNS,0.42
21064,BOOM BOX SPEAKER BOYS,5.95
47591D,PINK FAIRY CAKE CHILDRENS APRON,1.95
84509G,SET OF 4 FAIRY CAKE PLACEMATS ,3.75
16235,RECYCLED PENCIL WITH RABBIT ERASER,0.21
20986,BLUE CALCULATOR RULER,1.25
84846A,SCENTED CANDLE IN DIGITALIS TIN,2.1
21563,RED HEART SHAPE LOVE BUCKET ,2.95
85227,SET OF 6 3D KIT CARDS FOR KIDS,0.85
22669,RED BABY BUNTING ,2.95
22320,BIRDS MOBILE VINTAGE DESIGN,5.95
21249,WOODLAND  HEIGHT CHART STICKERS ,2.95
21561,DINOSAUR LUNCH BOX WITH CUTLERY,2.55
21218,RED SPOTTY BISCUIT TIN,3.75
85132A,CHARLIE + LOLA BISCUITS TINS,9.95
85132B,CHARLIE AND LOLA TABLE TINS,9.95
85132C,CHARLIE AND LOLA FIGURES TINS,9.95
20675,BLUE POLKADOT BOWL,1.25
21239,PINK  POLKADOT CUP,0.85
21987,PACK OF 6 SKULL PAPER CUPS,0.65
21988,PACK OF 6 SKULL PAPER PLATES,0.85
21989,PACK OF 20 SKULL PAPER NAPKINS,0.85
22332,SKULLS PARTY BAG + STICKER SET,1.65
22437,SET OF 9 BLACK SKULL BALLOONS,0.85
21206,STRAWBERRY HONEYCOMB  GARLAND ,1.65
20677,PINK POLKADOT BOWL,1.25
22806,SET OF 6 T-LIGHTS WEDDING CAKE ,2.95
22893,MINI CAKE STAND T-LIGHT HOLDER,0.42
22841,ROUND CAKE TIN VINTAGE GREEN,7.95
85159A,"BLACK TEA,COFFEE,SUGAR JARS",6.35
21784,SHOE SHINE BOX ,9.95
22849,BREAD BIN DINER STYLE MINT,16.95
17090A,LAVENDER INCENSE 40 CONES IN TIN,1.25
72127,COLUMBIAN CANDLE ROUND ,1.25
84763,ZINC FINISH 15CM PLANTER POTS,1.25
84519B,CARROT CHARLIE+LOLA COASTER SET,2.95
22505,MEMO BOARD COTTAGE DESIGN,4.95
22862,LOVE HEART NAPKIN BOX ,4.25
22292,HANGING CHICK  YELLOW DECORATION,1.45
21974,SET OF 36 PAISLEY FLOWER DOILIES,1.45
22045,SPACEBOY GIFT WRAP,0.42
22746,POPPY'S PLAYHOUSE LIVINGROOM ,2.1
22986,GINGHAM ROSE WRAP,0.42
20984,12 PENCILS TALL TUBE POSY,0.85
22436,12 COLOURED PARTY BALLOONS,0.65
21465,PINK FLOWER CROCHET FOOD COVER,3.75
21470,FLOWER VINE RAFFIA FOOD COVER,3.75
85025C,PINK HEART SHAPE PHOTO FRAME,1.65
21849,SILVER DIAMANTE PEN IN GIFT BOX,4.95
85124B,BLUE JUICY FRUIT PHOTO FRAME,2.55
85124C,GREEN JUICY FRUIT PHOTO FRAME,2.55
20828,GLITTER BUTTERFLY CLIPS,2.55
21830,ASSORTED CREEPY CRAWLIES,0.42
21623,VINTAGE UNION JACK MEMOBOARD,9.95
84946,ANTIQUE SILVER TEA GLASS ETCHED,1.25
22169,FAMILY ALBUM WHITE PICTURE FRAME,8.5
85049F,BABY BOOM RIBBONS ,1.25
22426,ENAMEL WASH BOWL CREAM,3.75
22190,LOCAL CAFE MUG,2.1
90082D,DIAMANTE BOW BROOCH BLACK COLOUR,6.35
90082B,DIAMANTE BOW BROOCH RED COLOUR,6.35
21416,CLAM SHELL LARGE,3.75
21417,COCKLE SHELL DISH,2.1
22343,PARTY PIZZA DISH RED RETROSPOT,0.85
22474,SPACEBOY TV DINNER TRAY,4.95
18097C,WHITE TALL PORCELAIN T-LIGHT HOLDER,2.55
22977,DOLLY GIRL CHILDRENS EGG CUP,1.25
21899,"KEY FOB , GARAGE DESIGN",0.65
21911,GARDEN METAL SIGN ,1.65
21902,"KEY FOB , FRONT  DOOR ",0.65
21901,"KEY FOB , BACK DOOR ",0.65
21948,SET OF 6 CAKE CHOPSTICKS,1.25
21949,SET OF 6 STRAWBERRY CHOPSTICKS,1.25
20759,CHRYSANTHEMUM POCKET BOOK ,0.85
20760,GARDEN PATH POCKET BOOK,0.85
20757,RED DAISY POCKET BOOK ,0.85
20981,12 PENCILS TALL TUBE WOODLAND,0.85
85185D,FROG SOCK PUPPET,2.95
85185B,PINK HORSE SOCK PUPPET,2.95
79164,BLACK WINE GLASS,1.65
21745,GAOLERS KEYS DECORATIVE GARDEN ,3.75
79163,BLACK CHAMPAGNE GLASS,1.65
21155,RED RETROSPOT PEG BAG,2.1
15060B,FAIRY CAKE DESIGN UMBRELLA,3.75
21700,BIG DOUGHNUT FRIDGE MAGNETS,0.85
22985,"WRAP, BILLBOARD FONTS DESIGN",0.42
22821,GIFT BAG PSYCHEDELIC APPLES,0.65
85114A,BLACK ENCHANTED FOREST PLACEMAT,1.45
22705,WRAP GREEN PEARS ,0.42
20724,RED RETROSPOT CHARLOTTE BAG,0.85
22084,PAPER CHAIN KIT EMPIRE,2.95
22356,CHARLOTTE BAG PINK POLKADOT,0.85
22380,TOY TIDY SPACEBOY  ,2.1
72801C,4 ROSE PINK DINNER CANDLES,1.25
72801D,4 SKY BLUE DINNER CANDLES,1.25
21735,TWO DOOR CURIO CABINET,12.75
21500,PINK POLKADOT WRAP ,0.42
15036,ASSORTED COLOURS SILK FAN,0.75
20718,RED RETROSPOT SHOPPER BAG,1.25
21539,RED RETROSPOT BUTTER DISH,4.95
22452,MEASURING TAPE BABUSHKA PINK,2.55
21508,VINTAGE KID DOLLY CARD ,0.36
21507,"ELEPHANT, BIRTHDAY CARD, ",0.36
21499,BLUE POLKADOT WRAP,0.34
20719,WOODLAND CHARLOTTE BAG,0.72
85178,VICTORIAN SEWING KIT,1.25
71459,HANGING JAM JAR T-LIGHT HOLDER,0.72
20665,RED RETROSPOT PURSE ,2.95
21392,RED POLKADOT PUDDING BOWL,2.1
21393,BLUE POLKADOT PUDDING BOWL,2.1
85144,JARDIN ETCHED GLASS BUTTER DISH,7.25
21578,WOODLAND DESIGN  COTTON TOTE BAG,2.25
20766,GARDEN PATH SKETCHBOOK,3.75
22562,MONSTERS STENCIL CRAFT,1.25
21714,CITRONELLA CANDLE GARDEN POT,1.25
21990,MODERN FLORAL STATIONERY SET,2.95
20751,FUNKY WASHING UP GLOVES ASSORTED,2.1
21993,FLORAL FOLK STATIONERY SET,2.95
20752,BLUE POLKADOT WASHING UP GLOVES,2.1
22636,CHILDS BREAKFAST SET CIRCUS PARADE,8.5
21581,SKULLS  DESIGN  COTTON TOTE BAG,2.25
82551,LAUNDRY 15C METAL SIGN,1.45
82599,FANNY'S REST STOPMETAL SIGN,2.1
21908,CHOCOLATE THIS WAY METAL SIGN,2.1
82583,HOT BATHS METAL SIGN,2.1
21174,POTTERING IN THE SHED METAL SIGN,1.95
21900,"KEY FOB , SHED",0.65
22031,BOTANICAL LAVENDER BIRTHDAY CARD,0.42
79067,CORONA MEXICAN TRAY,3.75
21788,KIDS RAIN MAC BLUE,0.85
22405,MONEY BOX POCKET MONEY DESIGN,1.25
37450,CERAMIC CAKE BOWL + HANGING CAKES,2.95
22043,CHRISTMAS CARD SCREEN PRINT ,0.42
22089,PAPER BUNTING VINTAGE PAISLEY,2.95
21059,PARTY INVITES DINOSAURS,0.85
22430,ENAMEL WATERING CAN CREAM,4.95
22425,ENAMEL COLANDER CREAM,4.95
21240,BLUE POLKADOT CUP,0.85
22207,FRYING PAN UNION FLAG,3.75
21927,BLUE/CREAM STRIPE CUSHION COVER ,1.25
22763,KEY CABINET MA CAMPAGNE,9.95
85066,CREAM SWEETHEART MINI CHEST,12.75
22334,DINOSAUR PARTY BAG + STICKER SET,1.65
21349,IVY HEART WREATH,6.75
22061,LARGE CAKE STAND  HANGING STRAWBERY,9.95
21531,RED RETROSPOT SUGAR JAM BOWL,2.55
47559B,TEA TIME OVEN GLOVE,1.25
22649,STRAWBERRY FAIRY CAKE TEAPOT,4.95
16161P,WRAP ENGLISH ROSE ,0.42
72232,FENG SHUI PILLAR CANDLE,0.19
22890,NOVELTY BISCUITS CAKE STAND 3 TIER,9.95
21530,DAIRY MAID TOASTRACK,2.95
21820,GLITTER HEART GARLAND WITH BELLS ,3.75
21821,GLITTER STAR GARLAND WITH BELLS ,3.75
21114,LAVENDER SCENTED FABRIC HEART,1.25
22443,GROW YOUR OWN HERBS SET OF 3,7.95
22605,WOODEN CROQUET GARDEN SET,14.95
22155,STAR DECORATION RUSTIC,0.42
22161,HEART DECORATION RUSTIC HANGING ,0.65
20956,PORCELAIN T-LIGHT HOLDERS ASSORTED,1.25
22067,CHOC TRUFFLE GOLD TRINKET POT ,1.65
22503,CABIN BAG VINTAGE PAISLEY,29.95
22747,POPPY'S PLAYHOUSE BATHROOM,2.1
22621,TRADITIONAL KNITTING NANCY,1.45
22845,VINTAGE CREAM CAT FOOD CONTAINER,6.35
22802,FAUX FUR CHOCOLATE THROW,19.95
22078,RIBBON REEL LACE DESIGN ,2.1
22158,3 HEARTS HANGING DECORATION RUSTIC,2.95
21878,PACK OF 6 SANDCASTLE FLAGS ASSORTED,0.85
22300,COFFEE MUG DOG + BALL DESIGN,2.55
84006,MAGIC TREE -PAPER FLOWERS,0.85
20767,BLUE PAISLEY JOURNAL ,2.55
22758,LARGE PURPLE BABUSHKA NOTEBOOK  ,1.25
21882,SKULLS TAPE,0.65
22756,LARGE YELLOW BABUSHKA NOTEBOOK ,1.25
22757,LARGE RED BABUSHKA NOTEBOOK ,1.25
22154,ANGEL DECORATION 3 BUTTONS ,0.42
84987,SET OF 36 TEATIME PAPER DOILIES,1.45
21407,BROWN CHECK CAT DOORSTOP ,4.25
22550,HOLIDAY FUN LUDO,3.75
22076,6 RIBBONS EMPIRE  ,1.65
84520B,PACK 20 ENGLISH ROSE PAPER NAPKINS,0.85
21078,SET/20 STRAWBERRY PAPER NAPKINS ,0.85
17091J,VANILLA INCENSE IN TIN,0.85
22732,3D VINTAGE CHRISTMAS STICKERS ,1.25
84247K,"FOLK ART GREETING CARD,pack/12",2.95
22035,VINTAGE CARAVAN GREETING CARD ,0.42
21677,HEARTS  STICKERS,0.85
47504K,ENGLISH ROSE GARDEN SECATEURS,1.95
84212,"ASSORTED FLOWER COLOUR ""LEIS""",0.65
21828,EIGHT PIECE SNAKE  SET,1.25
22132,RED LOVE HEART SHAPE CUP,0.85
22133,PINK LOVE HEART SHAPE CUP,0.85
21564,PINK  HEART SHAPE LOVE BUCKET ,2.95
21932,SCANDINAVIAN PAISLEY PICNIC BAG,2.95
21933,PINK VINTAGE PAISLEY PICNIC BAG,2.95
22072,RED RETROSPOT TEA CUP AND SAUCER ,3.75
84536A,ENGLISH ROSE NOTEBOOK A7 SIZE,0.42
21905,MORE BUTTER METAL SIGN ,2.1
21164,HOME SWEET HOME METAL SIGN ,2.95
47566,PARTY BUNTING,4.65
22844,VINTAGE CREAM DOG FOOD CONTAINER,8.5
22414,DOORMAT NEIGHBOURHOOD WITCH ,7.95
21906,PHARMACIE FIRST AID TIN,6.75
22456,NATURAL SLATE CHALKBOARD LARGE ,4.95
22116,METAL SIGN HIS DINNER IS SERVED,2.95
85130A,BEADED PEARL HEART WHITE LARGE,1.65
22892,SET OF SALT AND PEPPER TOADSTOOLS,1.25
22080,RIBBON REEL POLKADOTS ,1.65
22948,METAL DECORATION NAUGHTY CHILDREN ,0.85
22944,CHRISTMAS METAL POSTCARD WITH BELLS,1.25
22246,"GARLAND, MAGIC GARDEN 1.8M",1.95
84849A,HELLO SAILOR BLUE SOAP HOLDER,1.69
22304,COFFEE MUG BLUE PAISLEY DESIGN,2.55
21165,BEWARE OF THE CAT METAL SIGN ,1.69
85230B,CINNAMON SCENTED VOTIVE CANDLE,0.29
22331,WOODLAND PARTY BAG + STICKER SET,1.65
84849D,HOT BATHS SOAP HOLDER,1.69
21446,12 RED ROSE PEG PLACE SETTINGS,1.25
21558,SKULL LUNCH BOX WITH CUTLERY ,2.55
22409,MONEY BOX BISCUITS DESIGN,1.25
21845,DAIRY MAID STRIPE MUG,2.95
22398,MAGNETS PACK OF 4 SWALLOWS,1.25
84877D,BLUE ROUND COMPACT MIRROR,3.75
47422,ASSORTED MONKEY SUCTION CUP HOOK,0.42
21642,ASSORTED TUTTI FRUTTI PEN,0.85
22396,MAGNETS PACK OF 4 RETRO PHOTO,1.25
72130,COLUMBIAN CANDLE ROUND,0.65
72128,COLUMBIAN CANDLE ROUND,0.85
47343A,FUSCHIA FLOWER PURSE WITH BEADS,1.49
72802A,ROSE SCENT CANDLE IN JEWELLED BOX,4.25
84580,MOUSE TOY WITH PINK T-SHIRT,3.75
72802B,OCEAN SCENT CANDLE IN JEWELLED BOX,4.25
21054,NURSE'S BAG SOFT TOY,8.95
21991,BOHEMIAN COLLAGE STATIONERY SET,2.95
21936,RED RETROSPOT PICNIC BAG,2.95
22701,PINK DOG BOWL,2.95
22361,GLASS JAR DAISY FRESH COTTON WOOL,2.95
22362,GLASS JAR PEACOCK BATH SALTS,2.95
82011C,BATHROOM SCALES FOOTPRINTS IN SAND,3.75
21287,SCENTED VELVET LOUNGE CANDLE ,1.25
85111,SILVER GLITTER FLOWER VOTIVE HOLDER,1.25
22307,GOLD MUG BONE CHINA TREE OF LIFE,1.95
85036B,CHOCOLATE 1 WICK MORRIS BOX CANDLE,4.25
85035A,GARDENIA 3 WICK MORRIS BOXED CANDLE,4.25
85034C,3 ROSE MORRIS BOXED CANDLES,4.25
22348,TEA BAG PLATE RED RETROSPOT,0.85
20829,GLITTER HANGING BUTTERFLY STRING,2.1
21224,SET/4 SKULL BADGES,1.25
84988,SET OF 72 PINK HEART PAPER DOILIES,1.45
21947,SET OF 6 HEART CHOPSTICKS,1.25
22200,FRYING PAN PINK POLKADOT,4.25
20697,LITTLE GREEN MONSTER SOFT TOY,2.55
21876,POTTERING MUG,1.25
85054,FRENCH ENAMEL POT W LID,2.95
21112,"SWISS ROLL TOWEL, PINK  SPOTS",2.95
22853,CAT BOWL VINTAGE CREAM,3.25
85034B,3 WHITE CHOC MORRIS BOXED CANDLES,4.25
90185D,CRYSTAL DIAMANTE EXPANDABLE RING,4.25
22156,HEART DECORATION WITH PEARLS ,0.85
22079,RIBBON REEL HEARTS DESIGN ,1.65
21626,VINTAGE UNION JACK PENNANT,1.95
22403,MAGNETS PACK OF 4 VINTAGE LABELS ,1.25
11001,ASSTD DESIGN RACING CAR PEN,1.69
22563,HAPPY STENCIL CRAFT,1.25
20936,FORKED CACTUS CANDLE,2.95
22799,SWEETHEART WIRE FRUIT BOWL,8.5
22305,COFFEE MUG PINK PAISLEY DESIGN,2.55
20856,DENIM PATCH PURSE PINK BUTTERFLY,1.65
22255,FELT TOADSTOOL  SMALL,0.85
21447,12 IVORY ROSE PEG PLACE SETTINGS,1.25
22525,CHILDRENS GARDEN GLOVES PINK,1.25
22479,DAISY GARDEN MARKER,1.25
22478,BIRDHOUSE GARDEN MARKER ,1.25
21787,RAIN PONCHO RETROSPOT,0.85
21195,PINK  HONEYCOMB PAPER BALL ,2.1
84279P,CHERRY BLOSSOM  DECORATIVE FLASK,3.75
21829,DINOSAUR KEYRINGS ASSORTED,0.21
22390,PAPERWEIGHT CHILDHOOD MEMORIES,2.55
22483,RED GINGHAM TEDDY BEAR ,2.95
20686,DOLLY MIXTURE CHILDREN'S UMBRELLA,3.25
85206A,CREAM FELT EASTER EGG BASKET,1.65
22021,BLUE FELT EASTER EGG BASKET,1.65
84596G,SMALL CHOCOLATES PINK BOWL,1.25
21110,LARGE CAKE TOWEL PINK SPOTS,6.75
77101A,UNION FLAG WINDSOCK,1.25
21468,BUTTERFLY CROCHET FOOD COVER,3.75
22123,PING MICROWAVE APRON,5.95
22897,OVEN MITT APPLES DESIGN,1.45
21802,CHRISTMAS TREE HEART DECORATION,0.42
22598,CHRISTMAS MUSICAL ZINC TREE,0.85
22532,MAGIC DRAWING SLATE LEAP FROG ,0.42
21413,PERIWINKLE T-LIGHT HOLDER,1.25
79149B,SILICON STAR BULB  BLUE,0.42
21682,LARGE MEDINA STAMPED METAL BOWL ,4.95
22894,TABLECLOTH RED APPLES DESIGN ,8.5
21090,SET/6 COLLAGE PAPER PLATES,0.85
21209,MULTICOLOUR HONEYCOMB FAN,1.65
22354,RETROSPOT PADDED SEAT CUSHION,3.75
21635,MADRAS NOTEBOOK LARGE ,3.75
35471D,SET OF 3 BIRD LIGHT PINK FEATHER ,1.25
15039,SANDALWOOD FAN,0.85
84978,HANGING HEART JAR T-LIGHT HOLDER,1.25
22175,PINK OWL SOFT TOY,2.95
22439,6 ROCKET BALLOONS ,0.65
62018,SOMBRERO ,1.95
16011,ANIMAL STICKERS,0.21
22412,METAL SIGN NEIGHBOURHOOD WITCH ,2.1
72799E,IVORY PILLAR CANDLE SILVER FLOCK,2.95
20764,ABSTRACT CIRCLES SKETCHBOOK ,3.75
84535B,FAIRY CAKES NOTEBOOK A6 SIZE,0.65
21723,ALPHABET HEARTS STICKER SHEET,0.85
35953,FOLKART STAR CHRISTMAS DECORATIONS,1.25
84051,ASS COLOUR GLOWING TIARAS,0.85
21696,SMALL SILVER TRELLIS CANDLEPOT,2.95
22830,UTILTY CABINET WITH HOOKS,26.95
22684,FRENCH BLUE METAL DOOR SIGN 9,1.25
82011B,BATHROOM SCALES RUBBER DUCKS,3.75
22231,JIGSAW TREE WITH BIRDHOUSE,1.45
22859,EASTER TIN BUNNY BOUQUET,1.65
22860,EASTER TIN CHICKS PINK DAISY,1.65
22093,MOTORING TISSUE BOX,1.25
22091,EMPIRE TISSUE BOX,1.25
20748,KENSINGTON COFFEE SET,12.75
22129,PARTY CONES CANDY TREE DECORATION,0.85
21109,"LARGE CAKE TOWEL, CHOCOLATE SPOTS",6.75
85187,S/12 MINI RABBIT EASTER,1.65
22891,TEA FOR ONE POLKADOT,4.25
22770,MIRROR CORNICE,14.95
79190A,RETRO PLASTIC 70'S TRAY,0.42
15034,PAPER POCKET TRAVELING FAN ,0.14
21624,VINTAGE UNION JACK DOORSTOP,5.95
21903,MAN FLU METAL SIGN,2.1
21904,HOUSE WRECKING METAL SIGN ,2.1
84563B,BLUE & WHITE BREAKFAST TRAY,5.95
82613B,"METAL SIGN,CUPCAKE SINGLE HOOK",1.25
22843,BISCUIT TIN VINTAGE GREEN,6.75
22199,FRYING PAN RED RETROSPOT,4.25
84968A,SET OF 16 VINTAGE ROSE CUTLERY,12.75
21695,SMALL SILVER FLOWER CANDLE POT,2.95
21819,GLITTER CHRISTMAS STAR ,0.85
22817,CARD SUKI BIRTHDAY,0.42
16161U,WRAP SUKI AND FRIENDS,0.42
22251,BIRDHOUSE DECORATION MAGIC GARDEN,1.25
22252,BIRDCAGE DECORATION TEALIGHT HOLDER,1.25
22069,BROWN  PIRATE TREASURE CHEST ,1.65
21401,BLUE PUDDING SPOON,0.42
84597C,RETRO PINK BALL ASHTRAY ,1.25
51020A,SUMMER FUN DESIGN SHOWER CAP,1.25
51020B,STRIPY DESIGN SHOWER CAP,1.25
21306,SET/4 DAISY MIRROR MAGNETS,2.1
21311,SET/4 BIRD MIRROR MAGNETS ,2.1
21307,SET/4 BUTTERFLY MIRROR MAGNETS,2.1
21277,FRENCH STYLE EMBOSSED HEART CABINET,21.95
22475,SKULL DESIGN TV DINNER TRAY,4.95
90200E,GREEN SWEETHEART BRACELET,4.25
90062,CARNIVAL BRACELET,12.75
21616,4 PEAR BOTANICAL DINNER CANDLES,3.75
20985,HEART CALCULATOR,1.25
84596L,BISCUITS SMALL BOWL LIGHT BLUE,1.25
84596F,SMALL MARSHMALLOWS PINK BOWL,1.25
22346,PARTY PIZZA DISH GREEN POLKADOT,0.85
22344,PARTY PIZZA DISH PINK POLKADOT,0.85
22345,PARTY PIZZA DISH BLUE POLKADOT,0.85
85215,ASSORTED CHEESE FRIDGE MAGNETS,0.65
85062,PEARL CRYSTAL PUMPKIN T-LIGHT HLDR,1.65
85015,SET OF 12  VINTAGE POSTCARD SET,2.55
22949,36 DOILIES DOLLY GIRL,1.45
85036C,ROSE 1 WICK MORRIS BOXED CANDLE,4.25
85170D,SET/6 PINK BIRD T-LIGHT CANDLES,2.1
21640,ASSORTED TUTTI FRUTTI  FOB NOTEBOOK,0.85
35971,ROSE FOLKART HEART DECORATIONS,1.25
21822,GLITTER CHRISTMAS TREE WITH BELLS,1.95
84531A,PINK KNITTED EGG COSY,1.95
84531B,BLUE KNITTED EGG COSY,1.95
22461,SAVOY ART DECO CLOCK,12.75
22690,DOORMAT HOME SWEET HOME BLUE ,7.95
21613,S/12 VANILLA  BOTANICAL T-LIGHTS,2.95
21693,SMALL HAMMERED SILVER CANDLEPOT ,2.95
79190D,RETRO PLASTIC DAISY TRAY,0.42
79191B,RETRO PLASTIC POLKA TRAY,0.85
22831,WHITE BROCANTE SOAP DISH,2.95
20770,ABSTRACT CIRCLE JOURNAL ,2.55
22283,6 EGG HOUSE PAINTED WOOD,7.95
35001W,HAND OPEN SHAPE DECO.WHITE,3.49
21167,WHITE SAGE INCENSE,0.21
21713,CITRONELLA CANDLE FLOWERPOT,2.1
20802,SMALL GLASS SUNDAE DISH CLEAR,1.65
72807A,SET/3 ROSE CANDLE IN JEWELLED BOX,4.25
22279,POCKET BAG BLUE PAISLEY RED SPOT,1.25
22280,POCKET BAG PINK PAISELY BROWN SPOT,1.25
18007,ESSENTIAL BALM 3.5g TIN IN ENVELOPE,0.18
21675,BUTTERFLIES STICKERS,0.85
84968F,SET OF 16 VINTAGE SKY BLUE CUTLERY,12.75
21291,SMALL POLKADOT CHOCOLATE GIFT BAG ,0.85
21289,LARGE STRIPES CHOCOLATE GIFT BAG,1.25
22606,WOODEN SKITTLES GARDEN SET,15.95
20903,VINTAGE KEEPSAKE BOX TRAVELOGUE,6.35
47594A,CAROUSEL DESIGN WASHBAG,1.95
21162,TOXIC AREA  DOOR HANGER ,1.45
22683,FRENCH BLUE METAL DOOR SIGN 8,1.25
22685,FRENCH BLUE METAL DOOR SIGN 0,1.25
21973,SET OF 36 MUSHROOM PAPER DOILIES,1.45
48188,DOORMAT WELCOME PUPPIES,7.95
22691,DOORMAT WELCOME SUNRISE,7.95
22233,JIGSAW RABBIT AND BIRDHOUSE,1.65
72801G,4 BURGUNDY WINE DINNER CANDLES,1.25
84711A,SILVER OVAL SHAPE TRINKET BOX,9.95
47480,HANGING PHOTO CLIP ROPE LADDER,1.65
21253,SET OF PICTURE FRAME  STICKERS,2.95
21219,SET/4 BADGES BALLOON GIRL,1.25
84596B,SMALL DOLLY MIX DESIGN ORANGE BOWL,1.25
21226,POCKET MIRROR WOODLAND,1.25
79160,HEART SHAPE WIRELESS DOORBELL,2.1
22203,MILK PAN RED RETROSPOT,3.75
22329,ROUND CONTAINER SET OF 5 RETROSPOT,1.65
72351B,SET/6 PINK  BUTTERFLY T-LIGHTS,2.1
72131,COLUMBIAN CANDLE RECTANGLE,1.95
21089,SET/6 GREEN SPRING PAPER CUPS,0.65
72122,COFFEE SCENT PILLAR CANDLE,0.95
84912A,PINK ROSE WASHBAG,3.75
85036A,GARDENIA 1 WICK MORRIS BOXED CANDLE,4.25
21618,4 WILDFLOWER BOTANICAL CANDLES,3.75
85020,ROUND PINK HEART MIRROR,2.1
79051A,SMOKEY GREY COLOUR D.O.F. GLASS,0.65
85169A,IVORY LOVE BIRD CANDLE,1.25
22339,CHRISTMAS TREE PAINTED ZINC ,0.65
22700,BLACK AND WHITE DOG BOWL,2.95
21638,ASSORTED TUTTI FRUTTI NOTEBOOK,2.1
22681,FRENCH BLUE METAL DOOR SIGN 6,1.25
21746,SMALL RED RETROSPOT WINDMILL,1.25
84916,HAND TOWEL PALE BLUE W FLOWERS,5.95
22085,PAPER CHAIN KIT SKULLS ,2.95
15044C,PURPLE PAPER PARASOL,2.95
22673,FRENCH GARDEN SIGN BLUE METAL,1.25
22788,BROCANTE COAT RACK,9.95
21680,WOODLAND  STICKERS,0.85
84925F,PSYCHEDELIC WALL THERMOMETER,2.55
21812,GARLAND WITH HEARTS AND BELLS,4.95
22535,MAGIC DRAWING SLATE BUNNIES ,0.42
21547,CERAMIC BIRDHOUSE CRESTED TIT SMALL,2.95
16169K,WRAP FOLK ART,0.42
84707A,SILVER JEWELLED MIRROR TRINKET TRAY,9.95
21617,4 LILY  BOTANICAL DINNER CANDLES,3.75
21001,ROSE DU SUD WASHBAG ,5.95
21000,ROSE DU SUD COSMETICS BAG,4.25
22693,GROW A FLYTRAP OR SUNFLOWER IN TIN,1.25
21397,BLUE POLKADOT EGG CUP ,1.25
47574A,ENGLISH ROSE SCENTED HANGING FLOWER,4.25
71279,PINK GLASS CANDLEHOLDER,2.95
72819,CUPID DESIGN SCENTED CANDLES,2.55
84665,SQUARE CHERRY BLOSSOM CABINET,5.95
22908,PACK OF 20 NAPKINS RED APPLES,0.85
21534,DAIRY MAID LARGE MILK JUG,4.95
22518,CHILDS GARDEN BRUSH BLUE,2.1
17038,PORCELAIN BUDAH INCENSE HOLDER,0.07
21012,ANTIQUE ALL GLASS CANDLESTICK,2.1
84912B,GREEN ROSE WASHBAG,3.75
84968D,SET OF 16 VINTAGE RED CUTLERY,12.75
22613,PACK OF 20 SPACEBOY NAPKINS,0.85
22211,WOOD STAMP SET FLOWERS,1.65
22026,BANQUET BIRTHDAY  CARD  ,0.42
20839,FRENCH PAISLEY CUSHION COVER ,2.95
37340,MULTICOLOUR SPRING FLOWER MUG,0.85
21171,BATHROOM METAL SIGN ,1.45
85232D,SET/3 DECOUPAGE STACKING TINS,4.95
22762,CUPBOARD 3 DRAWER MA CAMPAGNE,14.95
21773,DECORATIVE ROSE BATHROOM BOTTLE,1.25
85059,FRENCH ENAMEL WATER BASIN,3.75
85026B,EAU DE NILE JEWELLED T-LIGHT HOLDER,0.85
82001S,VINYL RECORD FRAME SILVER,3.39
85176,SEWING SUSAN 21 NEEDLE SET,0.85
22708,WRAP DOLLY GIRL,0.42
22057,CERAMIC PLATE STRAWBERRY DESIGN,1.49
37447,CERAMIC CAKE DESIGN SPOTTED PLATE,1.49
22931,BAKING MOULD HEART WHITE CHOCOLATE,2.55
22932,BAKING MOULD TOFFEE CUP CHOCOLATE,2.55
22937,BAKING MOULD CHOCOLATE CUPCAKES,2.55
22710,WRAP I LOVE LONDON ,0.42
22051,BLUE SCANDINAVIAN PAISLEY WRAP,0.42
22936,BAKING MOULD ROSE WHITE CHOCOLATE,3.25
22789,T-LIGHT HOLDER SWEETHEART HANGING,1.95
20716,PARTY FOOD SHOPPER BAG,1.25
22167, OVAL WALL MIRROR DIAMANTE ,9.95
85039C,S/4 BLACK MINI ROSE CANDLE IN BOWL,1.65
20996,JAZZ HEARTS ADDRESS BOOK,0.42
21686,MEDINA STAMPED METAL STOOL,39.95
71038,WHITE HANGING BEADS CANDLE HOLDER,5.45
84828,JUNGLE POPSICLES ICE LOLLY HOLDERS,1.25
21201,TROPICAL  HONEYCOMB PAPER GARLAND ,2.55
21246,RED RETROSPOT BIG BOWL,4.95
20618,QUEEN OF THE SKIES PASSPORT COVER ,2.1
21896,POTTING SHED TWINE,2.1
47420,ASSORTED COLOUR SUCTION CUP HOOK,0.19
48116,DOORMAT MULTICOLOUR STRIPE,7.95
22063,CERAMIC BOWL WITH STRAWBERRY DESIGN,2.95
78124,MAGAZINE RACK GEBRA ASSORTED ,2.75
37500,TEA TIME TEAPOT IN GIFT BOX,9.95
22163,HEART STRING MEMO HOLDER HANGING,2.95
85230G,ORANGE VOTIVE CANDLE,0.29
20886,BOX OF 9 PEBBLE CANDLES,1.95
22324,BLUE POLKADOT KIDS BAG,1.95
22523,CHILDS GARDEN FORK PINK,0.85
22521,CHILDS GARDEN TROWEL PINK,0.85
22698,PINK REGENCY TEACUP AND SAUCER,2.95
85053,FRENCH ENAMEL CANDLEHOLDER,2.1
84192,ASSORTED COLOUR METAL CAT ,1.25
22254,FELT TOADSTOOL LARGE,1.25
22769,CHALKBOARD KITCHEN ORGANISER,21.95
21615,4 LAVENDER BOTANICAL DINNER CANDLES,3.75
22933,BAKING MOULD EASTER EGG MILK CHOC,2.95
22689,DOORMAT MERRY CHRISTMAS RED ,7.95
22741,FUNKY DIVA PEN,0.85
21382,SET/4 SPRING FLOWER DECORATION,2.95
79190B,RETRO PLASTIC POLKA TRAY,0.42
16015,MEDIUM CHINESE STYLE SCISSOR,0.5
16008,SMALL FOLDING SCISSOR(POINTED EDGE),0.25
20758,ABSTRACT CIRCLES POCKET BOOK,0.85
85039B,S/4 IVORY MINI ROSE CANDLE IN BOWL,1.65
21535,RED RETROSPOT SMALL MILK JUG,2.55
22319,HAIRCLIPS FORTIES FABRIC ASSORTED,0.65
22824,3 TIER SWEETHEART GARDEN SHELF,35.95
17084N,FAIRY DREAMS INCENSE ,0.21
85032A,ROMANTIC IMAGES GIFT WRAP SET,2.1
85032C,CURIOUS IMAGES GIFT WRAP SET,2.1
35648,VINTAGE BEAD PINK PURSE ,2.95
84356,POMPOM CURTAIN,6.95
22734,SET OF 6 RIBBONS VINTAGE CHRISTMAS,2.55
22679,FRENCH BLUE METAL DOOR SIGN 4,1.25
22416,SET OF 36 DOILIES SPACEBOY DESIGN ,1.45
22856,ASSORTED EASTER DECORATIONS  BELLS,1.25
22934,BAKING MOULD EASTER EGG WHITE CHOC,2.95
22692,DOORMAT WELCOME TO OUR HOME,7.95
84951A,SET OF 4 PISTACHIO LOVEBIRD COASTER,2.55
84951B,SET OF 4 BLACK LOVEBIRD COASTERS,2.55
22308,TEA COSY BLUE STRIPE,2.55
21131,GOLD STANDING GNOME,3.75
21442,GREEN BIRDHOUSE DECORATION,0.72
22291,HANGING CHICK CREAM DECORATION,1.45
15058A,BLUE POLKADOT GARDEN PARASOL,7.95
20868,SILVER FABRIC MIRROR,1.25
21189,WHITE HONEYCOMB PAPER GARLAND ,1.65
84821,DANISH ROSE DELUXE COASTER,0.85
22229,BUNNY WOODEN PAINTED WITH FLOWER ,0.85
16236,KITTY PENCIL ERASERS,0.21
22228,BUNNY WOODEN PAINTED WITH BIRD ,0.85
16054,POPART RECT PENCIL SHARPENER ASST,0.42
84459B,YELLOW METAL CHICKEN HEART ,1.49
35915B,BLUE KNITTED HEN ,1.65
22628,PICNIC BOXES SET OF 3 RETROSPOT ,4.95
22377,BOTTLE BAG RETROSPOT ,2.1
17012E,ORIGAMI OPIUM INCENSE/CANDLE SET ,2.55
22055,MINI CAKE STAND  HANGING STRAWBERY,1.45
84799,SPRIG LAVENDER ARTIFICIAL FLOWER,0.42
21454,PAINTED PINK RABBIT ,0.85
22201,FRYING PAN BLUE POLKADOT,4.25
15058B,PINK POLKADOT GARDEN PARASOL,7.95
22393,PAPERWEIGHT VINTAGE COLLAGE,2.55
22391,PAPERWEIGHT HOME SWEET HOME,2.55
85230E,STRAWBRY SCENTED VOTIVE CANDLE,0.29
22826,LOVE SEAT ANTIQUE WHITE METAL,175.0
22852,DOG BOWL VINTAGE CREAM,4.25
16225,RATTLE SNAKE EGGS,1.25
22420,LIPSTICK PEN BABY PINK,0.42
22677,FRENCH BLUE METAL DOOR SIGN 2,1.25
21285,RETROSPOT CANDLE  MEDIUM,2.1
85032B,BLOSSOM IMAGES GIFT WRAP SET,2.1
22857,ASSORTED EASTER GIFT TAGS,0.85
85017B,ENVELOPE 50 BLOSSOM IMAGES,0.85
22858,EASTER TIN KEEPSAKE,1.65
22861,EASTER TIN CHICKS IN GARDEN,1.65
22230,JIGSAW TREE WITH WATERING CAN,0.85
22232,JIGSAW TOADSTOOLS 3 PIECE,1.65
21717,EASTER TIN BUCKET,2.1
17096,ASSORTED LAQUERED INCENSE HOLDERS,0.17
20664,TROPICAL HOLIDAY PURSE ,2.95
85031A,ROMANTIC IMAGES SCRAP BOOK SET,4.95
84660B,BLACK STITCHED WALL CLOCK,1.25
21248,DOOR HANGER  MUM + DADS ROOM,1.45
22363,GLASS JAR MARMALADE ,2.95
85040A,S/4 PINK FLOWER CANDLES IN BOWL,1.65
82011A,"BATHROOM SCALES, TROPICAL BEACH",3.75
85183A,CHARLIE & LOLA WASTEPAPER BIN BLUE,3.75
84927E,FLOWERS TILE HOOK,2.1
84816,DANISH ROSE BEDSIDE CABINET,39.95
72780,BLACK SILOUETTE CANDLE PLATE,0.85
21619,4 VANILLA BOTANICAL CANDLES,3.75
22611,VINTAGE UNION JACK SHOPPING BAG,4.95
22675,FRENCH KITCHEN SIGN BLUE METAL,1.25
22047,EMPIRE GIFT WRAP,0.42
20846,ZINC HEART LATTICE T-LIGHT HOLDER,1.25
21145,ANTIQUE GLASS PLACE SETTING,1.25
22723,SET OF 6 HERB TINS SKETCHBOOK,3.95
22722,SET OF 6 SPICE TINS PANTRY DESIGN,3.95
22720,SET OF 3 CAKE TINS PANTRY DESIGN ,4.95
84313B,BLUE TV TRAY TABLE ,4.25
21473,SWEETHEART CREAM STEEL TABLE RECT,19.95
22342,HOME GARLAND PAINTED ZINC ,0.85
22782,SET 3 WICKER STORAGE BASKETS ,9.95
35095B,RED VICTORIAN FABRIC OVAL BOX,0.42
22887,NUMBER TILE VINTAGE FONT 8,1.95
22884,NUMBER TILE VINTAGE FONT 5,1.95
84927A,WAKE UP COCKEREL TILE HOOK,2.1
22721,SET OF 3 CAKE TINS SKETCHBOOK,4.95
84917,WHITE HAND TOWEL WITH BUTTERFLY,1.25
22711,WRAP CIRCUS PARADE,0.42
22522,CHILDS GARDEN FORK BLUE ,0.85
22520,CHILDS GARDEN TROWEL BLUE ,0.85
22270,HAPPY EASTER HANGING DECORATION,3.75
21188,3D HEARTS  HONEYCOMB PAPER GARLAND,2.95
85194L,HANGING SPRING FLOWER EGG LARGE,0.85
82613C,"METAL SIGN,CUPCAKE SINGLE HOOK",0.42
75178,ASSTD COL BUTTERFLY/CRYSTAL W/CHIME,0.42
47503A,ASS FLORAL PRINT MULTI SCREWDRIVER,0.42
22889,NUMBER TILE VINTAGE FONT No ,0.75
22888,NUMBER TILE VINTAGE FONT 9 ,0.42
22886,NUMBER TILE VINTAGE FONT 7,0.42
22885,NUMBER TILE VINTAGE FONT 6 ,0.42
22883,NUMBER TILE VINTAGE FONT 4,0.42
22882,NUMBER TILE VINTAGE FONT 3,0.42
22881,NUMBER TILE VINTAGE FONT 2,0.42
22880,NUMBER TILE VINTAGE FONT 1,0.42
22879,NUMBER TILE VINTAGE FONT 0,0.42
22609,PENS ASSORTED SPACEBALL,0.21
22608,PENS ASSORTED FUNKY JEWELED ,0.21
21631,HIPPY CHIC DECORATIVE PARASOL,3.95
85173,SET/6 FROG PRINCE T-LIGHT CANDLES,0.85
85159B,"WHITE TEA,COFFEE,SUGAR JARS",1.25
84660C,PINK STITCHED WALL CLOCK,1.25
21200,MULTICOLOUR HONEYCOMB PAPER GARLAND,1.65
22204,MILK PAN BLUE POLKADOT,3.75
84616,SILVER ROCCOCO CHANDELIER,29.95
84666,SQUARE CHERRY BLOSSOM CABINET,3.95
84673A,PINK FLY SWAT,0.65
84673B,BLUE FLY SWAT,0.65
21749,LARGE RED RETROSPOT WINDMILL,2.1
17013D,ORIGAMI ROSE INCENSE IN TUBE,1.65
82613D,METAL SIGN CUPCAKE SINGLE HOOK,0.42
21386,IVORY HANGING DECORATION  EGG,0.85
22223,CAKE PLATE LOVEBIRD PINK,1.95
90161C,ANT COPPER LIME BOUDICCA BRACELET,4.95
90129C,GREEN GLASS TASSLE BAG CHARM,2.95
90129B,TURQUOISE GLASS TASSLE BAG CHARM ,2.95
22269,EGG CUP NATURAL CHICKEN,1.25
85141,JARDIN ETCHED GLASS FRUITBOWL,10.75
21656,RIDGED GLASS POSY VASE ,1.45
22033,BOTANICAL ROSE GREETING CARD,0.42
22032,BOTANICAL LILY GREETING CARD,0.42
85212,MINI PAINTED GARDEN DECORATION ,0.21
84929,ASSTD FRUIT+FLOWERS FRIDGE MAGNETS,0.55
17012C,ORIGAMI LAVENDER INCENSE/CANDL SET ,2.55
21194,PINK  HONEYCOMB PAPER FAN,2.1
21792,CLASSIC FRENCH STYLE BASKET GREEN ,6.75
21707,FOLDING UMBRELLA BLACKBLUE POLKADOT,4.95
22873,NUMBER TILE COTTAGE GARDEN 5,1.95
22869,NUMBER TILE COTTAGE GARDEN 1,1.95
22871,NUMBER TILE COTTAGE GARDEN 3 ,1.95
22302,COFFEE MUG PEARS  DESIGN,2.55
21199,PINK  HEART CONFETTI IN TUBE,1.65
22970,LONDON BUS COFFEE MUG,2.55
22303,COFFEE MUG APPLES DESIGN,2.55
22971,QUEENS GUARD COFFEE MUG,2.55
84877B,GREEN ROUND COMPACT MIRROR,1.25
84078A,SET/4 WHITE RETRO STORAGE CUBES ,34.95
84012,MAGIC SHEEP WOOL GROWING FROM PAPER,2.55
21043,APRON MODERN VINTAGE COTTON,5.95
84750B,BLACK SMALL GLASS CAKE STAND,1.95
16219,HOUSE SHAPE PENCIL SHARPENER,0.21
21279,VINTAGE KITCHEN PRINT FRUITS,2.55
16048,TEATIME ROUND PENCIL SHARPENER ,0.42
22325,MOBILE VINTAGE HEARTS ,4.95
21391,FRENCH LAVENDER SCENT HEART,2.1
35809A,ENAMEL PINK TEA CONTAINER,2.1
35810A,ENAMEL PINK COFFEE CONTAINER,2.1
21633,SUNFLOWER DECORATIVE PARASOL,3.95
22410,MONEY BOX HOUSEKEEPING DESIGN,1.25
21389,IVORY HANGING DECORATION  BIRD,0.85
85103,SILVER T-LIGHT SETTING,6.75
21286,RETROSPOT CANDLE  LARGE,2.55
22249,DECORATION WHITE CHICK MAGIC GARDEN,0.85
20696,FLORAL SOFT CAR TOY,3.75
20794,BLUE  TILE HOOK,2.55
85205B,PINK FELT EASTER RABBIT GARLAND,2.55
22929,SCHOOL DESK AND CHAIR ,65.0
85163A,WHITE BAROQUE WALL CLOCK ,12.75
22309,TEA COSY RED  STRIPE,2.55
46000U,POLYESTER FILLER PAD 30CMx30CM,1.25
90161A,ANT COPPER RED BOUDICCA BRACELET,4.95
90114,SUMMER DAISIES BAG CHARM,2.55
21793,CLASSIC FRENCH STYLE BASKET BROWN,6.75
85023B,EAU DE NILE JEWELLED PHOTOFRAME,2.55
84800L,LARGE WHITE/PINK ROSE ART FLOWER,2.12
84806A,PINK CANDYSTUFT ARTIFICIAL FLOWER,1.45
22668,PINK BABY BUNTING,2.95
22286,"DECORATION , WOBBLY RABBIT , METAL ",1.65
20941,FROG CANDLE,1.25
84457,SET/3 RABBITS FLOWER SKIPPPING ROPE,0.85
21251,DINOSAUR HEIGHT CHART STICKER SET,2.95
22538,MINI JIGSAW GO TO THE FAIR,0.42
22066,LOVE HEART TRINKET POT,1.45
22682,FRENCH BLUE METAL DOOR SIGN 7,1.25
22823,CHEST NATURAL WOOD 20 DRAWERS,125.0
22526,WHEELBARROW FOR CHILDREN ,12.75
22138,BAKING SET 9 PIECE RETROSPOT ,4.95
15044A,PINK PAPER PARASOL ,2.95
22282,12 EGG HOUSE PAINTED WOOD,12.75
84459A,PINK METAL CHICKEN HEART ,1.25
21403,BLUE EGG  SPOON,0.42
21394,RED POLKADOT BEAKER ,1.95
22046,TEA PARTY  WRAPPING PAPER ,0.42
22293,HANGING CHICK GREEN DECORATION,1.45
22148,EASTER CRAFT 4 CHICKS ,1.95
85194S,HANGING SPRING FLOWER EGG SMALL,0.65
22715,CARD WEDDING DAY,0.42
84968E,SET OF 16 VINTAGE BLACK CUTLERY,12.75
16169M,WRAP DAISY CARPET ,0.42
22288,HANGING METAL RABBIT DECORATION,1.25
37476,CONDIMENT TRAY 4 BOWLS AND 4 SPOONS,9.95
85089,CANDY SPOT BUNNY,2.95
84931B,BLUE SCOTTIE DOG W FLOWER PATTERN,2.55
21269,ANTIQUE CREAM CUTLERY SHELF ,8.5
35972,DAISY FOLKART HEART DECORATION,1.25
21204,DAISIES  HONEYCOMB GARLAND ,1.65
84927F,PSYCHEDELIC TILE HOOK,2.1
21278,VINTAGE KITCHEN PRINT PUDDINGS,2.55
22182,CAKE STAND VICTORIAN FILIGREE SMALL,4.95
21318,GLASS CHALICE BLUE SMALL ,1.65
85025B,EAU DE NILE HEART SHAPE PHOTO FRAME,1.65
21088,SET/6 FRUIT SALAD PAPER CUPS,0.65
21096,SET/6 FRUIT SALAD  PAPER PLATES,0.85
85093,CANDY SPOT EGG WARMER HARE,1.25
85094,CANDY SPOT EGG WARMER RABBIT,1.25
22250,DECORATION  BUTTERFLY  MAGIC GARDEN,0.72
22248,DECORATION  PINK CHICK MAGIC GARDEN,0.72
22247,BUNNY DECORATION MAGIC GARDEN,0.72
84741C,CITRUS GARLAND FELT FLOWERS ,1.95
21220,SET/4 BADGES DOGS,1.25
21222,SET/4 BADGES BEETLES,1.25
22266,EASTER DECORATION HANGING BUNNY,0.65
22268,EASTER DECORATION SITTING BUNNY,0.85
22267,EASTER DECORATION EGG BUNNY ,1.25
75049L,LARGE CIRCULAR MIRROR MOBILE,1.25
84600,NEW BAROQUE JEWELLERY BOX ,7.95
21332,MOROCCAN BEATEN METAL MIRROR,12.75
21280,VINTAGE KITCHEN PRINT VEGETABLES,2.55
85203,HANGING WOOD AND FELT BUTTERFLY ,0.42
21775,DECORATIVE FLORE BATHROOM BOTTLE,0.42
85019B,BLOSSOM  IMAGES NOTEBOOK SET,4.25
21208,PASTEL COLOUR HONEYCOMB FAN,1.65
22281,EASTER TREE YELLOW BIRDS,5.95
23231,WRAP DOILEY DESIGN,0.42
23230,WRAP ALPHABET DESIGN,0.42
22287,"DECORATION , WOBBLY CHICKEN, METAL ",1.65
85186C,BUNNY EGG GARLAND,0.42
85186A,EASTER BUNNY GARLAND OF FLOWERS,0.42
22967,SET 3 SONG BIRD PAPER EGGS ASSORTED,2.55
22957,SET 3 PAPER VINTAGE CHICK PAPER EGG,2.55
23233,WRAP POPPIES  DESIGN,0.42
84462,3 PINK HEN+CHICKS IN BASKET,1.25
47481,50CM METAL STRING WITH  7 CLIPS,0.85
47469,ASSORTED SHAPES PHOTO CLIP SILVER ,0.65
23232,WRAP VINTAGE PETALS  DESIGN,0.42
84806B,WHITE CANDYSTUFT ARTIFICIAL FLOWER,1.45
15044D,RED PAPER PARASOL,2.95
23166,MEDIUM CERAMIC TOP STORAGE JAR,1.04
84033,FLAG OF ST GEORGE ,1.65
35095A,BLUE VICTORIAN FABRIC OVAL BOX,0.42
22165,"DIAMANTE HEART SHAPED WALL MIRROR, ",12.75
35920,FOUR RABBIT EASTER DECORATIONS,1.25
84800S,SMALL WHITE/PINK ROSE ART FLOWER,1.25
20756,GREEN FERN POCKET BOOK,0.85
22317,FIVE CATS HANGING DECORATION,2.55
37467,PIG MUG IN TWO COLOUR DESIGNS,0.85
21457,2 PICTURE BOOK EGGS EASTER DUCKS,1.25
85202,HANGING WOOD AND FELT HEART,0.42
85188A,GREEN METAL SWINGING BUNNY,0.85
35915C,PEACH KNITTED HEN ,1.65
21758,VINTAGE SHELLS PRINT,6.45
84279B,CHERRY BLOSSOM DECORATIVE FLASK,3.75
84708B,PINK JEWELLED PHOTO FRAME ,4.95
84086C,PINK/PURPLE RETRO RADIO,2.95
15058C,ICE CREAM DESIGN GARDEN PARASOL,7.95
22989,SET 2 PANTRY DESIGN TEA TOWELS,2.95
22541,MINI JIGSAW LEAP FROG,0.42
22990,COTTON APRON PANTRY DESIGN,4.95
84659A,WHITE TRAVEL ALARM CLOCK,2.55
21636,MADRAS NOTEBOOK MEDIUM,2.55
84663A,GRASS HOPPER WOODEN WALL CLOCK ,5.95
35637A,IVORY STRING CURTAIN WITH POLE ,5.95
84857C,PINK MONTE CARLO HANDBAG,8.5
22980,PANTRY SCRUBBING BRUSH,1.65
22993,SET OF 4 PANTRY JELLY MOULDS,1.25
23006,TRAVEL CARD WALLET FLOWER MEADOW,0.42
23004,TRAVEL CARD WALLET PANTRY,0.42
23002,TRAVEL CARD WALLET SKULLS,0.42
23000,TRAVEL CARD WALLET TRANSPORT,0.42
22998,TRAVEL CARD WALLET KEEP CALM,0.42
22991,GIRAFFE WOODEN RULER,1.95
22992,REVOLVER WOODEN RULER ,1.95
22999,TRAVEL CARD WALLET RETRO PETALS,0.36
22995,TRAVEL CARD WALLET SUKI,0.36
22996,TRAVEL CARD WALLET VINTAGE TICKET,0.36
22978,PANTRY ROLLING PIN,3.75
22997,TRAVEL CARD WALLET UNION JACK,0.42
23005,TRAVEL CARD WALLET I LOVE LONDON,0.42
20837,FRENCH FLORAL CUSHION COVER ,2.95
84876B,GREEN HEART COMPACT MIRROR,1.25
22216,T-LIGHT HOLDER WHITE LACE,0.85
21087,SET/6 POSIES PAPER CUPS,0.65
72140E,BEST DAD CANDLE LETTERS,0.85
84687,BEACH HUT SHELF W 3 DRAWERS,5.95
23182,TOILET SIGN OCCUPIED OR VACANT,0.83
22979,PANTRY WASHING UP BRUSH,1.45
23177,TREASURE ISLAND BOOK BOX,2.25
23193,BUFFALO BILL TREASURE BOOK BOX,2.25
23194,GYMKHANNA TREASURE BOOK BOX,2.25
23176,ABC TREASURE BOOK BOX ,2.25
22982,PANTRY PASTRY BRUSH,1.25
23126,DOLLCRAFT GIRL AMELIE KIT,4.95
23127,DOLLCRAFT GIRL NICOLE,4.95
23128,FELTCRAFT BOY JEAN-PAUL KIT,4.95
23183,MOTHER'S KITCHEN SPOON REST ,3.75
22981,PANTRY APPLE CORER,1.45
21634,ASSORTED MINI MADRAS NOTEBOOK,1.25
23049,RECYCLED ACAPULCO MAT RED,8.25
23053,RECYCLED ACAPULCO MAT PINK,8.25
23054,RECYCLED ACAPULCO MAT LAVENDER,8.25
23050,RECYCLED ACAPULCO MAT GREEN,8.25
23052,RECYCLED ACAPULCO MAT TURQUOISE,8.25
23184,BULL DOG BOTTLE OPENER,4.95
21841,BABY MOUSE RED GINGHAM DRESS,4.25
23181,BULL DOG BOTTLE TOP WALL CLOCK,8.25
23187,FRENCH STYLE STORAGE JAR BONBONS,1.25
23186,FRENCH STYLE STORAGE JAR CAFE ,1.25
23007, SPACEBOY BABY GIFT SET,14.95
23008,DOLLY GIRL BABY GIFT SET,14.95
23010,CIRCUS PARADE BABY GIFT SET,14.95
84535A,ENGLISH ROSE NOTEBOOK A6 SIZE,0.65
21402,RED  EGG  SPOON,0.12
84842,HELLO SAILOR BATHROOM SET,3.75
16161G,WRAP BAD HAIR DAY,0.1
47013A,WINE BOTTLE DRESSING LT.BLUE,0.29
21395,BLUE POLKADOT BEAKER ,0.39
85030,FRENCH CHATEAU OVAL PLATTER,1.95
21637,ASSORTED SANSKRIT MINI NOTEBOOK,1.25
47344B,BLUE FLOWER DES PURSE,1.25
23077,DOUGHNUT LIP GLOSS ,1.25
23076,ICE CREAM SUNDAE LIP GLOSS,1.25
23078,ICE CREAM PEN LIP GLOSS ,1.25
21770,OPEN CLOSED METAL SIGN,4.95
47013C,WINE BOTTLE DRESSING DARK BLUE,0.29
23159,SET OF 5 PANCAKE DAY MAGNETS,2.08
23154,SET OF 4 JAM JAR MAGNETS,2.08
23156,SET OF 5 MINI GROCERY MAGNETS,2.08
23155,KNICKERBOCKERGLORY MAGNET ASSORTED ,0.83
23158,SET OF 5 LUCKY CAT MAGNETS ,1.85
90099,NECKLACE+BRACELET SET BLUE HIBISCUS,2.55
23157,SET OF 6 NATIVITY MAGNETS ,2.08
35649,VINTAGE BEAD COSMETIC BAG ,3.35
23254,CHILDRENS CUTLERY DOLLY GIRL ,4.15
23256,CHILDRENS CUTLERY SPACEBOY ,4.15
23255,CHILDRENS CUTLERY CIRCUS PARADE,4.15
23205,CHARLOTTE BAG VINTAGE ALPHABET ,0.85
23201,JUMBO BAG ALPHABET,2.08
23207,LUNCH BAG ALPHABET DESIGN,1.65
23199,JUMBO BAG APPLES,2.08
23206,LUNCH BAG APPLE DESIGN,1.65
23204,CHARLOTTE BAG APPLES DESIGN,0.85
23208,LUNCH BAG VINTAGE LEAF DESIGN,1.65
23065,LARGE DECO JEWELLERY STAND,12.5
23060,HEART BEADED TRELLIS DECORATION,2.08
23057,GEMSTONE CHANDELIER T-LIGHT HOLDER,4.15
23066,SMALL DECO JEWELLERY STAND,8.25
23068,ALUMINIUM STAMPED HEART,2.49
23075,DOUBLE CERAMIC PARLOUR HOOK,4.15
23073,GEORGIAN TRINKET BOX,12.5
21614,SET OF 12 ROSE BOTANICAL T-LIGHTS,2.95
23146,TRIPLE HOOK ANTIQUE IVORY ROSE,3.29
23061,VINTAGE EMBOSSED HEART,1.25
23055,IVORY CHANDELIER T-LIGHT HOLDER,6.25
23135,SMALL ZINC HEART WALL ORGANISER,5.75
23132,SMALL IVORY HEART WALL ORGANISER,5.75
23071,MARIE ANTOIENETT TRINKET BOX GOLD,12.5
23134,LARGE ZINC HEART WALL ORGANISER,7.05
23133,LARGE IVORY HEART WALL ORGANISER,7.05
84990,60 GOLD AND SILVER FAIRY CAKE CASES,0.55
23147,SINGLE ANTIQUE ROSE HOOK IVORY,1.45
23148,MINIATURE ANTIQUE ROSE HOOK IVORY,0.83
23144,ZINC T-LIGHT HOLDER STARS SMALL,0.72
23138,SINGLE WIRE HOOK IVORY HEART,1.45
23145,ZINC T-LIGHT HOLDER STAR LARGE,0.95
23253,16 PIECE CUTLERY SET PANTRY DESIGN,15.95
23069,EDWARDIAN PHOTO FRAME,6.25
23131,MISTLETOE HEART WREATH CREAM,4.15
23067,HANGING ENGRAVED METAL HEART,4.15
23163,REGENCY SUGAR TONGS,2.49
23284,DOORMAT KEEP CALM AND COME IN,6.75
23283,DOORMAT VINTAGE LEAVES DESIGN ,7.95
23162,REGENCY TEA STRAINER,3.75
20840,FRENCH FLORAL CUSHION COVER ,0.85
23048,SET OF 10 LANTERNS FAIRY LIGHT STAR,4.15
23130,MISTLETOE HEART WREATH GREEN,4.15
23160,REGENCY TEA SPOON,1.04
23161,REGENCY CAKE FORK,1.04
23164,REGENCY CAKE SLICE,4.15
23299,FOOD COVER WITH BEADS SET 2 ,3.75
23298,SPOTTY BUNTING,4.95
23070,EDWARDIAN HEART PHOTO FRAME,4.15
23209,LUNCH BAG DOILEY PATTERN ,1.65
23200,JUMBO BAG PEARS,2.08
23203,JUMBO BAG DOILEY PATTERNS,2.08
23202,JUMBO BAG VINTAGE LEAF,2.08
23047,PAPER LANTERN 5 POINT SEQUIN STAR,5.75
23282,FOLDING BUTTERFLY MIRROR IVORY ,0.83
23280,FOLDING BUTTERFLY MIRROR HOT PINK ,0.83
23190,BUNDLE OF 3 SCHOOL EXERCISE BOOKS  ,1.65
23191,BUNDLE OF 3 RETRO NOTE BOOKS,1.65
21263,GREEN GOOSE FEATHER TREE 60CM,1.95
21264,WHITE GOOSE FEATHER TREE 60CM ,1.95
23175,REGENCY MILK JUG PINK ,3.25
23174,REGENCY SUGAR BOWL GREEN,4.15
23173,REGENCY TEAPOT ROSES ,8.15
23172,REGENCY TEA PLATE PINK,1.65
23171,REGENCY TEA PLATE GREEN ,1.65
23170,REGENCY TEA PLATE ROSES ,1.65
23081,GREEN METAL BOX ARMY SUPPLIES,8.25
23084,RABBIT NIGHT LIGHT,2.08
23281,FOLDING BUTTERFLY MIRROR RED  ,0.83
23118,PARISIENNE JEWELLERY DRAWER ,7.5
23096,PETIT TRAY CHIC,1.65
23091,ZINC HERB GARDEN CONTAINER,6.25
23094,LE GRAND TRAY CHIC SET,12.5
23108,SET OF 10 LED DOLLY LIGHTS,6.25
23110,PARISIENNE KEY CABINET ,5.75
23192,BUNDLE OF 3 ALPHABET EXERCISE BOOKS,1.65
23100,SILVER BELLS TABLE DECORATION,1.25
23102,SILVER HEARTS TABLE DECORATION,0.83
23082,SET 6 PAPER TABLE LANTERN HEARTS ,3.75
23093,SMALL PARISIENNE HEART PHOTO FRAME ,2.49
23109,LED TEA LIGHTS,2.49
23103,BELL HEART DECORATION,1.65
23112,PARISIENNE CURIO CABINET,7.5
23111,PARISIENNE SEWING BOX,12.5
23079,TOADSTOOL BEDSIDE LIGHT ,8.95
23167,SMALL CERAMIC TOP STORAGE JAR ,0.69
23104,IVORY PANTRY HANGING LAMP ,12.5
23168,CLASSIC SUGAR DISPENSER,1.25
23169,CLASSIC GLASS SWEET JAR,4.15
23165,LARGE CERAMIC TOP STORAGE JAR,1.45
23101,SILVER STARS TABLE DECORATION,0.83
23089,GLASS BON BON JAR,1.65
23107,WHITE WIRE PLANT POT HOLDER,2.89
23106,ZINC HEARTS PLANT POT HOLDER,2.89
23087,ZINC  HEART T-LIGHT HOLDER,1.25
23088,ZINC HEART FLOWER T-LIGHT HOLDER,1.25
90035C,"PEARL & SHELL 42""NECKL. IVORY",10.75
23301,GARDENERS KNEELING PAD KEEP CALM ,1.65
23300,GARDENERS KNEELING PAD CUP OF TEA ,1.45
23302,KNEELING MAT HOUSEWORK  DESIGN,1.65
23090,VINTAGE GLASS T-LIGHT HOLDER,0.83
23083,SET 6 PAPER TABLE LANTERN STARS ,3.75
23085,ANTIQUE SILVER BAUBLE LAMP  ,10.4
23099,FRENCH CARRIAGE LANTERN,6.65
23086,ZINC  STAR T-LIGHT HOLDER ,1.25
21015,DARK BIRD HOUSE TREE DECORATION,0.85
23129,HEART SHAPED HOLLY WREATH,4.15
23228,FILIGREE HEART BIRD WHITE ,1.25
23227,FILIGREE HEART BUTTERFLY WHITE ,1.25
23226,FILIGREE HEART DAISY WHITE,1.25
84711B,PINK OVAL SHAPE TRINKET BOX,9.95
23215,JINGLE BELL HEART ANTIQUE SILVER,2.08
23210,WHITE ROCKING HORSE HAND PAINTED,1.25
23213,STAR WREATH DECORATION WITH BELL,1.25
23212,HEART WREATH DECORATION WITH BELL,1.25
23219,LAUREL STAR ANTIQUE SILVER ,1.25
23224,CHERUB HEART DECORATION GOLD,0.83
23221,REINDEER HEART DECORATION SILVER,0.83
23211,RED ROCKING HORSE HAND PAINTED,1.04
23275,SET OF 3 HANGING OWLS OLLIE BEAK,1.25
23263,SET OF 3 WOODEN HEART DECORATIONS,1.25
23309,SET OF 60 I LOVE LONDON CAKE CASES ,0.55
72586,SET OF 6 HALLOWEEN GHOST T-LIGHTS,0.42
23270,SET OF 2 CERAMIC PAINTED HEARTS ,1.45
90206C,CRYSTAL DIAMANTE STAR BROOCH,4.95
23307,SET OF 60 PANTRY DESIGN CAKE CASES ,0.55
23306,SET OF 36 DOILIES PANTRY DESIGN,1.45
23308,SET OF 60 VINTAGE LEAF CAKE CASES ,0.55
23274,STAR T-LIGHT HOLDER WILLIE WINKIE,1.65
21373,MIRRORED WALL ART SNOWFLAKES,0.75
23240,SET OF 4 KNICK KNACK TINS DOILEY ,4.15
23238,SET OF 4 KNICK KNACK TINS LONDON ,4.15
23243,SET OF TEA COFFEE SUGAR TINS PANTRY,4.15
84415A,PINK FLOCK SUEDE CUSHION COVER ,1.25
23245,SET OF 3 REGENCY CAKE TINS,4.95
23239,SET OF 4 KNICK KNACK TINS POPPIES,4.15
23236,DOILEY STORAGE TIN,2.89
23241,TREASURE TIN GYMKHANA DESIGN,2.08
23242,TREASURE TIN BUFFALO BILL ,2.08
23247,BISCUIT TIN 50'S CHRISTMAS,2.89
23244,ROUND STORAGE TIN VINTAGE LEAF,1.95
23237,SET OF 4 KNICK KNACK TINS LEAVES ,4.15
22950,36 DOILIES VINTAGE CHRISTMAS,1.45
23321,SMALL WHITE HEART OF WICKER,1.69
23310,BUBBLEGUM RING ASSORTED,0.42
23220,REINDEER HEART DECORATION GOLD,0.83
35970,ZINC FOLKART SLEIGH BELLS,1.69
23266,SET OF 3 WOODEN STOCKING DECORATION,1.25
23265,SET OF 3 WOODEN TREE DECORATIONS,1.25
23264,SET OF 3 WOODEN SLEIGH DECORATIONS,1.25
23268,SET OF 2 CERAMIC CHRISTMAS REINDEER,1.45
23252,VINTAGE RED ENAMEL TRIM JUG ,3.75
23322,LARGE WHITE HEART OF WICKER,2.95
23286,BLUE VINTAGE SPOT BEAKER,0.85
23338,EGG FRYING PAN RED ,2.08
23285,PINK VINTAGE SPOT BEAKER,0.85
23288,GREEN VINTAGE SPOT BEAKER,0.85
23343,JUMBO BAG VINTAGE CHRISTMAS ,2.08
22596,CHRISTMAS STAR WISH LIST CHALKBOARD,1.25
23271,CHRISTMAS TABLE CANDLE SILVER SPIKE,0.83
23335,EGG FRYING PAN IVORY ,2.08
23339,EGG FRYING PAN BLUE ,2.08
23336,EGG FRYING PAN PINK ,2.08
23337,EGG FRYING PAN MINT ,2.08
23292,SPACE BOY CHILDRENS CUP,1.25
23291,DOLLY GIRL CHILDRENS CUP,1.25
23289,DOLLY GIRL CHILDRENS BOWL,1.25
23290,SPACEBOY CHILDRENS BOWL,1.25
23287,RED VINTAGE SPOT BEAKER,0.85
23188,VINTAGE  2 METER FOLDING RULER,1.65
23251,VINTAGE RED ENAMEL TRIM MUG ,1.25
23229,VINTAGE DONKEY TAIL GAME ,3.39
23234,BISCUIT TIN VINTAGE CHRISTMAS,2.89
23012,GLASS APOTHECARY BOTTLE PERFUME,3.95
23035,DRAWER KNOB CERAMIC IVORY,1.45
23020,GLASS  SONGBIRD STORAGE JAR,12.5
23032,DRAWER KNOB CRACKLE GLAZE IVORY,1.65
23028,DRAWER KNOB CRACKLE GLAZE BLUE,1.65
23031,DRAWER KNOB CRACKLE GLAZE PINK,1.65
23029,DRAWER KNOB CRACKLE GLAZE GREEN,1.65
23033,DRAWER KNOB CERAMIC RED,1.45
23034,DRAWER KNOB CERAMIC BLACK,1.45
23013,GLASS APOTHECARY BOTTLE TONIC,3.95
23344,JUMBO BAG 50'S CHRISTMAS ,2.08
20869,GOLD FABRIC MIRROR,0.39
23119,PACK OF 6 LARGE FRUIT STRAWS ,0.62
23123,COCKTAIL SWORDS 50 PIECES,0.83
23122,PARTY CHARMS 50 PIECES,0.83
23120,PACK OF 6 SMALL FRUIT STRAWS,0.42
23121,PACK OF 6 COCKTAIL PARASOL STRAWS,0.42
23124,18PC WOODEN CUTLERY SET DISPOSABLE,1.25
23125,6PC WOOD PLATE SET DISPOSABLE,1.25
23023,RIDGED BONNE JAM JAR T-LIGHT HOLDER,1.65
23019,SMALL APOTHECARY MEASURING JAR ,8.25
23021,GLASS BONNE JAM JAR,4.15
23198,PANTRY MAGNETIC  SHOPPING LIST,1.45
23027,DRAWER KNOB VINTAGE GLASS HEXAGON,2.08
23222,CHRISTMAS TREE HANGING GOLD,0.83
23197,SKETCHBOOK MAGNETIC SHOPPING LIST,1.45
23196,RETRO LEAVES MAGNETIC NOTEPAD,1.45
22687,DOORMAT CHRISTMAS VILLAGE,7.95
23267,SET OF 4 SANTA PLACE SETTINGS,1.25
23323,WHITE WICKER STAR ,2.1
23315,IVORY REFECTORY CLOCK,9.95
23316,RED REFECTORY CLOCK ,9.95
23342,MINT DINER WALL CLOCK,8.5
23341,PINK DINER WALL CLOCK,8.5
23037,CANDLE HOLDER SILVER MADELINE,1.65
23317,BLUE REFECTORY CLOCK ,9.95
23017,APOTHECARY MEASURING JAR,12.5
23018,LARGE APOTHECARY MEASURING JAR ,12.5
23025,DRAWER KNOB VINTAGE GLASS BALL,2.08
81952V,ROUND PURPLE CLOCK WITH SUCKER,0.19
81950B,FLOWER BLUE CLOCK WITH SUCKER,0.29
23320,GIANT 50'S CHRISTMAS CRACKER,2.89
21344,MOROCCAN BEATEN METAL DISH,9.95
23318,BOX OF 6 MINI VINTAGE CRACKERS,2.49
23319,BOX OF 6 MINI 50'S CRACKERS,2.49
23313,VINTAGE CHRISTMAS BUNTING,4.95
23296,SET OF 6 TEA TIME BAKING CASES,1.04
23294,SET OF 6 SNACK LOAF BAKING CASES,0.72
23293,SET OF 12 FAIRY CAKE BAKING CASES,0.72
23295,SET OF 12 MINI LOAF BAKING CASES,0.72
23297,SET 40 HEART SHAPE PETIT FOUR CASES,1.45
23311,VINTAGE CHRISTMAS STOCKING ,2.55
23314,VINTAGE CHRISTMAS TABLECLOTH,12.5
23312,VINTAGE CHRISTMAS GIFT SACK,4.15
22959,WRAP CHRISTMAS VILLAGE,0.34
23550,WRAP ALPHABET POSTER  ,0.42
23218,LAUREL STAR ANTIQUE GOLD,1.25
23546,WRAP PAISLEY PARK ,0.42
23545,WRAP RED DOILEY,0.42
23547,WRAP FLOWER SHOP  ,0.42
23548,WRAP MAGIC FOREST ,0.42
16169E,WRAP 50'S  CHRISTMAS,0.42
23347,I LOVE LONDON BEAKER,1.25
23345, DOLLY GIRL BEAKER,1.25
23346,SPACEBOY BEAKER,1.25
23340,VINTAGE CHRISTMAS CAKE FRILL,1.65
23360,SET 8 CANDLES VINTAGE DOILEY,1.95
23359,SET OF 12 T-LIGHTS VINTAGE DOILEY,1.95
23373,VINTAGE CHRISTMAS PAPER GIFT BAG,0.82
23436,GIFT BAG LARGE VINTAGE CHRISTMAS,1.25
23353,6 GIFT TAGS VINTAGE CHRISTMAS ,0.83
23354,6 GIFT TAGS 50'S CHRISTMAS ,0.83
23374,RED SPOT PAPER GIFT BAG,0.82
23438, RED SPOT GIFT BAG LARGE,1.25
23189,SET OF 12 FORK CANDLES,2.49
23349,ROLL WRAP VINTAGE CHRISTMAS,1.25
23350,ROLL WRAP VINTAGE SPOT ,1.25
23352,ROLL WRAP 50'S RED CHRISTMAS ,1.25
23351,ROLL WRAP 50'S CHRISTMAS,1.25
23324,RUSTIC STRAWBERRY JAMPOT LARGE ,2.08
23332,IVORY WICKER HEART LARGE,1.65
23329,DECORATIVE WICKER HEART LARGE,1.65
23330,DECORATIVE WICKER HEART MEDIUM,1.25
23334,IVORY WICKER HEART SMALL,0.55
23333,IVORY WICKER HEART MEDIUM,1.04
23328,SET 6 SCHOOL MILK BOTTLES IN CRATE,3.75
23325,RUSTIC STRAWBERRY JAMPOT SMALL,1.65
23375,50'S CHRISTMAS PAPER GIFT BAG,0.82
23356,LOVE HOT WATER BOTTLE,5.95
23355,HOT WATER BOTTLE KEEP CALM,4.95
23437, 50'S CHRISTMAS GIFT BAG LARGE,1.25
23445,ICE CREAM BUBBLES,0.83
22340,NOEL GARLAND PAINTED ZINC ,1.65
23439,HAND WARMER RED LOVE HEART,2.1
23431,NATURAL HANGING QUILTED HEARTS ,0.72
23433,HANGING QUILTED PATCHWORK APPLES,0.83
23348,CHILDRENS TOY COOKING UTENSIL SET,2.08
23432,PRETTY HANGING QUILTED HEARTS,0.83
23376,PACK OF 12 VINTAGE CHRISTMAS TISSUE,0.39
23378,PACK OF 12 50'S CHRISTMAS TISSUES,0.39
23551,PACK OF 12 PAISLEY PARK TISSUES ,0.39
23396,BUTTERFLY CUSHION COVER,3.75
23395,BELLE JARDINIERE CUSHION COVER,3.75
23394,POSTE FRANCE CUSHION COVER,3.75
23407,SET OF 2 TRAYS HOME SWEET HOME,9.95
23393,HOME SWEET HOME CUSHION COVER ,3.75
23427,STOOL HOME SWEET HOME ,12.5
23397,FOOT STOOL HOME SWEET HOME ,9.95
23377,PACK OF 12 DOLLY GIRL TISSUES,0.39
23399,HOME SWEET HOME HANGING HEART,0.85
23411, TRELLIS COAT RACK,4.95
23404,HOME SWEET HOME BLACKBOARD,4.95
23424,GINGHAM RECIPE BOOK BOX,4.95
23406,HOME SWEET HOME KEY HOLDER,6.25
23414,ZINC BOX SIGN HOME,9.95
23379,PACK OF 12 RED APPLE TISSUES,0.39
23380,PACK OF 12 VINTAGE DOILY TISSUES,0.39
23403,LETTER HOLDER HOME SWEET HOME,3.75
23426,METAL SIGN DROP YOUR PANTS,2.89
23412,HEART MIRROR ANTIQUE WHITE,7.5
23392,SPACEBOY ROCKET LOLLY MAKERS,2.08
23415,HOME SWEET HOME HOOK,1.65
23417,BATHROOM HOOK,1.65
23413,VINTAGE COFFEE GRINDER BOX,4.95
23409,PHOTO FRAME LINEN AND LACE LARGE,3.75
23408,PHOTO FRAME LINEN AND LACE SMALL,2.08
23401,RUSTIC MIRROR WITH LACE HEART,6.25
23410,CURIO CABINET LINEN AND LACE ,8.15
23559,WOODLAND BUNNIES LOLLY MAKERS,2.08
23423,PANTRY 3 HOOK ROLLING PIN HANGER,3.75
90119,METALIC LEAVES BAG CHARMS,2.46
23419,HOME SWEET HOME BOTTLE ,2.08
23435,3 RAFFIA RIBBONS VINTAGE CHRISTMAS,2.08
23434,3 RAFFIA RIBBONS 50'S CHRISTMAS ,2.08
23391, I LOVE LONDON MINI BACKPACK,4.15
23390,DOLLY GIRL MINI BACKPACK,4.15
23389,SPACEBOY MINI BACKPACK,4.15
23074,EMBOSSED HEART TRINKET BOX,2.08
23388,WOODLAND MINI BACKPACK,4.15
23416,CHAMBRE HOOK,1.65
23058,CHRISTMAS HANGING SNOWFLAKE,2.49
23113,PANTRY CHOPPING BOARD,4.95
23503,PLAYING CARDS KEEP CALM & CARRY ON,1.25
23366,SET 12 COLOURING PENCILS DOILY,0.65
23367,SET 12 COLOUR PENCILS SPACEBOY ,0.65
23504,PLAYING CARDS JUBILEE UNION JACK,1.25
23371,SET 36 COLOUR PENCILS SPACEBOY ,1.25
23506,MINI PLAYING CARDS SPACEBOY ,0.42
23502,PLAYING CARDS VINTAGE DOILEY ,1.25
23370,SET 36 COLOUR PENCILS DOILEY,1.25
23493,VINTAGE DOILY TRAVEL SEWING KIT,1.95
23365,SET 12 COLOUR PENCILS LOVE LONDON,0.65
23369,SET 36 COLOUR PENCILS LOVE LONDON,1.25
23368,SET 12 COLOUR PENCILS DOLLY GIRL ,0.65
23505,PLAYING CARDS I LOVE LONDON ,1.25
23372,SET 36 COLOUR PENCILS DOLLY GIRL,1.25
23510,MINI PLAYING CARDS GYMKHANA,0.42
23508,MINI PLAYING CARDS DOLLY GIRL ,0.42
23509,MINI PLAYING CARDS FUN FAIR ,0.42
23507,MINI PLAYING CARDS BUFFALO BILL ,0.42
35964,FOLKART CLIP ON STARS,0.39
23494,VINTAGE DOILY DELUXE SEWING KIT ,5.95
23461,SWEETHEART BIRD HOUSE,4.15
23469,CARD HOLDER LOVE BIRD SMALL,4.15
23114,VINTAGE LEAF CHOPPING BOARD  ,4.95
23117,POPPY FIELDS CHOPPING BOARD,4.95
23115,RED APPLES CHOPPING BOARD   ,4.95
23471,SIX DRAWER OFFICE TIDY,9.95
23524,HORSE & PONY WALL ART,3.75
23534,STOP FOR TEA WALL ART,5.95
23541,WALL ART CLASSIC PUDDINGS ,8.25
23526,DOG LICENCE WALL ART,3.88
23542,70'S ALPHABET WALL ART,6.67
23543,KEEP CALM WALL ART ,7.45
23530,WALL ART ONLY ONE PERSON ,3.58
23531,WALL ART BIG LOVE ,4.77
23483,HANGING  BUTTERFLY T-LIGHT HOLDER,1.25
23536,VILLAGE SHOW WALL ART,5.95
23465,TUSCAN VILLA FEEDING STATION,8.25
90129D,AMBER GLASS TASSLE BAG CHARM,2.95
90129E,PURPLE GLASS TASSLE BAG CHARM,2.95
23382,BOX OF 6 CHRISTMAS CAKE DECORATIONS,3.75
23660,HENRIETTA HEN MUG ,1.65
23564,EGG CUP MILKMAID INGRID,1.25
23567,EGG CUP HENRIETTA HEN PINK,1.25
23487,SWEET HEART CAKE CARRIER,9.95
23482,PEARLISED IVORY HEART LARGE ,1.65
23464,VINTAGE ZINC WATERING CAN SMALL,4.95
23566,EGG CUP MILKMAID HEIDI,1.25
23479,WIRE EGG BASKET ,7.85
23558,LANDMARK FRAME LONDON BRIDGE ,10.95
23556,LANDMARK FRAME COVENT GARDEN ,10.95
23554,LANDMARK FRAME OXFORD STREET,10.95
23555,LANDMARK FRAME NOTTING HILL ,12.5
23553,LANDMARK FRAME CAMDEN TOWN ,12.5
23489,"GARLAND, VINTAGE BELLS",2.89
23491,VINTAGE JINGLE BELLS HEART,8.25
23480,MINI LIGHTS WOODLAND MUSHROOMS,3.29
23460,SWEETHEART WALL TIDY ,9.95
23499,SET 12 VINTAGE DOILY CHALK ,0.42
23485,BOTANICAL GARDENS WALL CLOCK ,25.0
23570,TRADITIONAL PICK UP STICKS GAME ,1.25
23571,TRADITIONAL NAUGHTS & CROSSES,1.65
23569,TRADTIONAL ALPHABET STAMP SET,4.95
23305,SET 4 PICNIC CUTLERY BLUEBERRY,1.95
23474,WOODLAND SMALL BLUE FELT HEART,0.83
23582,VINTAGE DOILY JUMBO BAG RED ,2.08
23583,LUNCH BAG PAISLEY PARK  ,1.65
23581,JUMBO BAG PAISLEY PARK,1.79
23303,SET 4 PICNIC CUTLERY FONDANT,1.95
23475,WOODLAND SMALL PINK FELT HEART,0.83
23497,CLASSIC CHROME BICYCLE BELL ,1.45
23304,SET 4 PICNIC CUTLERY CHERRY ,1.95
23495,SET OF 3 PANTRY WOODEN SPOONS,1.25
23496,PANTRY KITCHEN THERMOMETER ,1.25
23691,KEEP CALM BIRTHDAY WRAP,0.42
23681,LUNCH BAG RED VINTAGE DOILY,1.65
23695,DOILY THANK YOU CARD,0.42
23697,A PRETTY THANK YOU CARD,0.42
23598,PAPER BUNTING VINTAGE PARTY,2.95
23552,BICYCLE PUNCTURE REPAIR KIT ,2.08
23498,CLASSIC BICYCLE CLIPS ,1.45
23580,SNACK TRAY HAPPY FOREST  ,1.95
23575,SNACK TRAY PAISLEY PARK,1.95
23576,SNACK TRAY RED VINTAGE DOILY,1.95
23562,SET OF 6 RIBBONS PERFECTLY PRETTY  ,2.89
23561,SET OF 6 RIBBONS PARTY,2.89
